"Focus","State","Year","Type","Female","Male","Overall"
"18-1Suicide(ageadjustedper100,000standard","Alabama",1999,"raw",4.1,22,12.5
"18-1Suicide(ageadjustedper100,000standard","Alabama",1999,"error",0.4,1,0.5
"18-1Suicide(ageadjustedper100,000standard","Alabama",2000,"raw",4.8,22.8,13.1
"18-1Suicide(ageadjustedper100,000standard","Alabama",2000,"error",0.5,1.1,0.5
"18-1Suicide(ageadjustedper100,000standard","Alabama",2001,"raw",4.1,19.7,11.3
"18-1Suicide(ageadjustedper100,000standard","Alabama",2001,"error",0.4,1,0.5
"18-1Suicide(ageadjustedper100,000standard","Alabama",2002,"raw",4.3,19.9,11.4
"18-1Suicide(ageadjustedper100,000standard","Alabama",2002,"error",0.4,1,0.5
"18-1Suicide(ageadjustedper100,000standard","Alabama",2003,"raw",4,19.8,11.4
"18-1Suicide(ageadjustedper100,000standard","Alabama",2003,"error",0.4,1,0.5
"18-1Suicide(ageadjustedper100,000standard","Alabama",2004,"raw",4.1,20.4,11.7
"18-1Suicide(ageadjustedper100,000standard","Alabama",2004,"error",0.4,1,0.5
"18-1Suicide(ageadjustedper100,000standard","Alabama",2005,"raw",4,20.1,11.5
"18-1Suicide(ageadjustedper100,000standard","Alabama",2005,"error",0.4,1,0.5
"18-1Suicide(ageadjustedper100,000standard","Alabama",2006,"raw",3.9,22,12.4
"18-1Suicide(ageadjustedper100,000standard","Alabama",2006,"error",0.4,1,0.5
"18-1Suicide(ageadjustedper100,000standard","Alaska",1999,"raw",8.1,26.3,16.8
"18-1Suicide(ageadjustedper100,000standard","Alaska",1999,"error",1.8,3.9,1.9
"18-1Suicide(ageadjustedper100,000standard","Alaska",2000,"raw",7.9,34.3,21.5
"18-1Suicide(ageadjustedper100,000standard","Alaska",2000,"error",1.6,3.4,1.9
"18-1Suicide(ageadjustedper100,000standard","Alaska",2001,"raw",6.4,25,15.9
"18-1Suicide(ageadjustedper100,000standard","Alaska",2001,"error",1.4,2.9,1.6
"18-1Suicide(ageadjustedper100,000standard","Alaska",2002,"raw",10.9,30.9,21
"18-1Suicide(ageadjustedper100,000standard","Alaska",2002,"error",1.9,3.5,1.9
"18-1Suicide(ageadjustedper100,000standard","Alaska",2003,"raw",7.5,33.9,20.4
"18-1Suicide(ageadjustedper100,000standard","Alaska",2003,"error",1.5,4,2
"18-1Suicide(ageadjustedper100,000standard","Alaska",2004,"raw",11.5,34.5,23.4
"18-1Suicide(ageadjustedper100,000standard","Alaska",2004,"error",1.9,3.3,1.9
"18-1Suicide(ageadjustedper100,000standard","Alaska",2005,"raw",8.5,31.7,20.2
"18-1Suicide(ageadjustedper100,000standard","Alaska",2005,"error",1.7,3.4,1.8
"18-1Suicide(ageadjustedper100,000standard","Alaska",2006,"raw",9.1,31.1,20
"18-1Suicide(ageadjustedper100,000standard","Alaska",2006,"error",1.6,3.4,1.8
"18-1Suicide(ageadjustedper100,000standard","Arizona",1999,"raw",6.6,25.1,15.5
"18-1Suicide(ageadjustedper100,000standard","Arizona",1999,"error",0.5,1,0.6
"18-1Suicide(ageadjustedper100,000standard","Arizona",2000,"raw",6.2,25.7,15.6
"18-1Suicide(ageadjustedper100,000standard","Arizona",2000,"error",0.5,1,0.6
"18-1Suicide(ageadjustedper100,000standard","Arizona",2001,"raw",5.6,24.5,14.8
"18-1Suicide(ageadjustedper100,000standard","Arizona",2001,"error",0.5,1,0.5
"18-1Suicide(ageadjustedper100,000standard","Arizona",2002,"raw",6.3,27.2,16.5
"18-1Suicide(ageadjustedper100,000standard","Arizona",2002,"error",0.5,1,0.6
"18-1Suicide(ageadjustedper100,000standard","Arizona",2003,"raw",6.4,25,15.5
"18-1Suicide(ageadjustedper100,000standard","Arizona",2003,"error",0.5,1,0.5
"18-1Suicide(ageadjustedper100,000standard","Arizona",2004,"raw",6.6,25.3,15.7
"18-1Suicide(ageadjustedper100,000standard","Arizona",2004,"error",0.5,1,0.5
"18-1Suicide(ageadjustedper100,000standard","Arizona",2005,"raw",6.9,25.9,16.2
"18-1Suicide(ageadjustedper100,000standard","Arizona",2005,"error",0.5,1,0.5
"18-1Suicide(ageadjustedper100,000standard","Arizona",2006,"raw",6.9,25.5,16
"18-1Suicide(ageadjustedper100,000standard","Arizona",2006,"error",0.5,0.9,0.5
"18-1Suicide(ageadjustedper100,000standard","Arkansas",1999,"raw",4.4,22.1,12.6
"18-1Suicide(ageadjustedper100,000standard","Arkansas",1999,"error",0.6,1.3,0.7
"18-1Suicide(ageadjustedper100,000standard","Arkansas",2000,"raw",5,22.2,13
"18-1Suicide(ageadjustedper100,000standard","Arkansas",2000,"error",0.6,1.3,0.7
"18-1Suicide(ageadjustedper100,000standard","Arkansas",2001,"raw",4.9,24.3,14.2
"18-1Suicide(ageadjustedper100,000standard","Arkansas",2001,"error",0.6,1.4,0.7
"18-1Suicide(ageadjustedper100,000standard","Arkansas",2002,"raw",4.9,23.7,14
"18-1Suicide(ageadjustedper100,000standard","Arkansas",2002,"error",0.6,1.4,0.7
"18-1Suicide(ageadjustedper100,000standard","Arkansas",2003,"raw",5.2,23,13.6
"18-1Suicide(ageadjustedper100,000standard","Arkansas",2003,"error",0.6,1.3,0.7
"18-1Suicide(ageadjustedper100,000standard","Arkansas",2004,"raw",4.9,21.9,12.9
"18-1Suicide(ageadjustedper100,000standard","Arkansas",2004,"error",0.6,1.3,0.7
"18-1Suicide(ageadjustedper100,000standard","Arkansas",2005,"raw",6,23.2,14.2
"18-1Suicide(ageadjustedper100,000standard","Arkansas",2005,"error",0.7,1.3,0.7
"18-1Suicide(ageadjustedper100,000standard","Arkansas",2006,"raw",4.4,23.1,13.3
"18-1Suicide(ageadjustedper100,000standard","Arkansas",2006,"error",0.6,1.3,0.7
"18-1Suicide(ageadjustedper100,000standard","California",1999,"raw",3.9,16,9.6
"18-1Suicide(ageadjustedper100,000standard","California",1999,"error",0.2,0.3,0.2
"18-1Suicide(ageadjustedper100,000standard","California",2000,"raw",3.7,15.4,9.1
"18-1Suicide(ageadjustedper100,000standard","California",2000,"error",0.1,0.3,0.2
"18-1Suicide(ageadjustedper100,000standard","California",2001,"raw",2.9,14.7,8.5
"18-1Suicide(ageadjustedper100,000standard","California",2001,"error",0.1,0.3,0.2
"18-1Suicide(ageadjustedper100,000standard","California",2002,"raw",4.1,15.7,9.6
"18-1Suicide(ageadjustedper100,000standard","California",2002,"error",0.2,0.3,0.2
"18-1Suicide(ageadjustedper100,000standard","California",2003,"raw",4.1,16.1,9.8
"18-1Suicide(ageadjustedper100,000standard","California",2003,"error",0.2,0.3,0.2
"18-1Suicide(ageadjustedper100,000standard","California",2004,"raw",4.6,15.2,9.6
"18-1Suicide(ageadjustedper100,000standard","California",2004,"error",0.2,0.3,0.2
"18-1Suicide(ageadjustedper100,000standard","California",2005,"raw",4.1,14.6,9.1
"18-1Suicide(ageadjustedper100,000standard","California",2005,"error",0.2,0.3,0.2
"18-1Suicide(ageadjustedper100,000standard","California",2006,"raw",4.1,14.8,9.2
"18-1Suicide(ageadjustedper100,000standard","California",2006,"error",0.2,0.3,0.2
"18-1Suicide(ageadjustedper100,000standard","Colorado",1999,"raw",5.7,22.3,13.7
"18-1Suicide(ageadjustedper100,000standard","Colorado",1999,"error",0.5,1.1,0.6
"18-1Suicide(ageadjustedper100,000standard","Colorado",2000,"raw",5.5,23.8,14.3
"18-1Suicide(ageadjustedper100,000standard","Colorado",2000,"error",0.5,1.1,0.6
"18-1Suicide(ageadjustedper100,000standard","Colorado",2001,"raw",6.7,27.3,16.5
"18-1Suicide(ageadjustedper100,000standard","Colorado",2001,"error",0.5,1.2,0.6
"18-1Suicide(ageadjustedper100,000standard","Colorado",2002,"raw",6.3,26.4,16.2
"18-1Suicide(ageadjustedper100,000standard","Colorado",2002,"error",0.5,1.1,0.6
"18-1Suicide(ageadjustedper100,000standard","Colorado",2003,"raw",6.9,26,16.1
"18-1Suicide(ageadjustedper100,000standard","Colorado",2003,"error",0.6,1.1,0.6
"18-1Suicide(ageadjustedper100,000standard","Colorado",2004,"raw",8.1,27,17.3
"18-1Suicide(ageadjustedper100,000standard","Colorado",2004,"error",0.6,1.1,0.6
"18-1Suicide(ageadjustedper100,000standard","Colorado",2005,"raw",7.1,27.9,17.3
"18-1Suicide(ageadjustedper100,000standard","Colorado",2005,"error",0.6,1.1,0.6
"18-1Suicide(ageadjustedper100,000standard","Colorado",2006,"raw",7.2,23.6,15.2
"18-1Suicide(ageadjustedper100,000standard","Colorado",2006,"error",0.5,1,0.6
"18-1Suicide(ageadjustedper100,000standard","Connecticut",1999,"raw",3.1,13.4,7.9
"18-1Suicide(ageadjustedper100,000standard","Connecticut",1999,"error",0.4,0.9,0.5
"18-1Suicide(ageadjustedper100,000standard","Connecticut",2000,"raw",3.4,14.8,8.7
"18-1Suicide(ageadjustedper100,000standard","Connecticut",2000,"error",0.4,1,0.5
"18-1Suicide(ageadjustedper100,000standard","Connecticut",2001,"raw",2.9,14,8.2
"18-1Suicide(ageadjustedper100,000standard","Connecticut",2001,"error",0.4,0.9,0.5
"18-1Suicide(ageadjustedper100,000standard","Connecticut",2002,"raw",3,12.3,7.4
"18-1Suicide(ageadjustedper100,000standard","Connecticut",2002,"error",0.4,0.9,0.5
"18-1Suicide(ageadjustedper100,000standard","Connecticut",2003,"raw",3.5,11.9,7.5
"18-1Suicide(ageadjustedper100,000standard","Connecticut",2003,"error",0.4,0.8,0.5
"18-1Suicide(ageadjustedper100,000standard","Connecticut",2004,"raw",3.4,13.3,8.1
"18-1Suicide(ageadjustedper100,000standard","Connecticut",2004,"error",0.4,0.9,0.5
"18-1Suicide(ageadjustedper100,000standard","Connecticut",2005,"raw",3.4,13.2,8.1
"18-1Suicide(ageadjustedper100,000standard","Connecticut",2005,"error",0.4,0.9,0.5
"18-1Suicide(ageadjustedper100,000standard","Connecticut",2006,"raw",3.1,13.2,8
"18-1Suicide(ageadjustedper100,000standard","Connecticut",2006,"error",0.4,0.9,0.5
"18-1Suicide(ageadjustedper100,000standard","Delaware",1999,"raw",3.2,19.6,11
"18-1Suicide(ageadjustedper100,000standard","Delaware",1999,"error",0.9,2.3,1.2
"18-1Suicide(ageadjustedper100,000standard","Delaware",2000,"raw",4.9,16.9,10.4
"18-1Suicide(ageadjustedper100,000standard","Delaware",2000,"error",1.1,2.2,1.2
"18-1Suicide(ageadjustedper100,000standard","Delaware",2001,"raw",5.4,22.1,13.3
"18-1Suicide(ageadjustedper100,000standard","Delaware",2001,"error",1.1,2.4,1.3
"18-1Suicide(ageadjustedper100,000standard","Delaware",2002,"raw",1.9,17,9
"18-1Suicide(ageadjustedper100,000standard","Delaware",2002,"error",0.7,2.1,1
"18-1Suicide(ageadjustedper100,000standard","Delaware",2003,"raw",5.8,17.8,11.4
"18-1Suicide(ageadjustedper100,000standard","Delaware",2003,"error",1.2,2.2,1.2
"18-1Suicide(ageadjustedper100,000standard","Delaware",2004,"raw",5.3,16.9,10.9
"18-1Suicide(ageadjustedper100,000standard","Delaware",2004,"error",1.1,2,1.1
"18-1Suicide(ageadjustedper100,000standard","Delaware",2005,"raw",3,16.7,9.6
"18-1Suicide(ageadjustedper100,000standard","Delaware",2005,"error",0.8,2,1.1
"18-1Suicide(ageadjustedper100,000standard","Delaware",2006,"raw",3.5,17.7,10.4
"18-1Suicide(ageadjustedper100,000standard","Delaware",2006,"error",0.9,2.1,1.1
"18-1Suicide(ageadjustedper100,000standard","DistrictofColumbia",1999,"raw",1.2,9.5,5.1
"18-1Suicide(ageadjustedper100,000standard","DistrictofColumbia",1999,"error",0.6,1.9,0.9
"18-1Suicide(ageadjustedper100,000standard","DistrictofColumbia",2000,"raw",1.4,6.5,3.8
"18-1Suicide(ageadjustedper100,000standard","DistrictofColumbia",2000,"error",0.6,1.6,0.8
"18-1Suicide(ageadjustedper100,000standard","DistrictofColumbia",2001,"raw",1.8,12,6.5
"18-1Suicide(ageadjustedper100,000standard","DistrictofColumbia",2001,"error",0.7,2.1,1
"18-1Suicide(ageadjustedper100,000standard","DistrictofColumbia",2002,"raw",2.6,8.6,5.1
"18-1Suicide(ageadjustedper100,000standard","DistrictofColumbia",2002,"error",0.9,1.8,0.9
"18-1Suicide(ageadjustedper100,000standard","DistrictofColumbia",2003,"raw",1.7,11,6.2
"18-1Suicide(ageadjustedper100,000standard","DistrictofColumbia",2003,"error",0.8,2,1.1
"18-1Suicide(ageadjustedper100,000standard","DistrictofColumbia",2004,"raw",1.9,9.8,5.7
"18-1Suicide(ageadjustedper100,000standard","DistrictofColumbia",2004,"error",0.8,1.9,1
"18-1Suicide(ageadjustedper100,000standard","DistrictofColumbia",2005,"raw",2.7,9.2,5.5
"18-1Suicide(ageadjustedper100,000standard","DistrictofColumbia",2005,"error",0.9,1.9,1
"18-1Suicide(ageadjustedper100,000standard","DistrictofColumbia",2006,"raw",2,8.8,5.1
"18-1Suicide(ageadjustedper100,000standard","DistrictofColumbia",2006,"error",0.8,1.8,0.9
"18-1Suicide(ageadjustedper100,000standard","Florida",1999,"raw",5.3,20,12.2
"18-1Suicide(ageadjustedper100,000standard","Florida",1999,"error",0.3,0.5,0.3
"18-1Suicide(ageadjustedper100,000standard","Florida",2000,"raw",4.9,20.7,12.4
"18-1Suicide(ageadjustedper100,000standard","Florida",2000,"error",0.2,0.5,0.3
"18-1Suicide(ageadjustedper100,000standard","Florida",2001,"raw",5.9,21.9,13.5
"18-1Suicide(ageadjustedper100,000standard","Florida",2001,"error",0.3,0.5,0.3
"18-1Suicide(ageadjustedper100,000standard","Florida",2002,"raw",5.8,21.6,13.4
"18-1Suicide(ageadjustedper100,000standard","Florida",2002,"error",0.3,0.5,0.3
"18-1Suicide(ageadjustedper100,000standard","Florida",2003,"raw",5.5,21,12.9
"18-1Suicide(ageadjustedper100,000standard","Florida",2003,"error",0.3,0.5,0.3
"18-1Suicide(ageadjustedper100,000standard","Florida",2004,"raw",6.3,20.5,13.1
"18-1Suicide(ageadjustedper100,000standard","Florida",2004,"error",0.3,0.5,0.3
"18-1Suicide(ageadjustedper100,000standard","Florida",2005,"raw",6.1,19.6,12.6
"18-1Suicide(ageadjustedper100,000standard","Florida",2005,"error",0.3,0.5,0.3
"18-1Suicide(ageadjustedper100,000standard","Florida",2006,"raw",5.7,20.1,12.7
"18-1Suicide(ageadjustedper100,000standard","Florida",2006,"error",0.2,0.5,0.3
"18-1Suicide(ageadjustedper100,000standard","Georgia",1999,"raw",4.3,19.2,11.1
"18-1Suicide(ageadjustedper100,000standard","Georgia",1999,"error",0.3,0.8,0.4
"18-1Suicide(ageadjustedper100,000standard","Georgia",2000,"raw",4.4,18.1,10.7
"18-1Suicide(ageadjustedper100,000standard","Georgia",2000,"error",0.3,0.7,0.4
"18-1Suicide(ageadjustedper100,000standard","Georgia",2001,"raw",4.3,19.6,11.4
"18-1Suicide(ageadjustedper100,000standard","Georgia",2001,"error",0.3,0.7,0.4
"18-1Suicide(ageadjustedper100,000standard","Georgia",2002,"raw",4,19.4,11
"18-1Suicide(ageadjustedper100,000standard","Georgia",2002,"error",0.3,0.8,0.4
"18-1Suicide(ageadjustedper100,000standard","Georgia",2003,"raw",4,20.4,11.6
"18-1Suicide(ageadjustedper100,000standard","Georgia",2003,"error",0.3,0.8,0.4
"18-1Suicide(ageadjustedper100,000standard","Georgia",2004,"raw",4.5,19.2,11.3
"18-1Suicide(ageadjustedper100,000standard","Georgia",2004,"error",0.3,0.7,0.4
"18-1Suicide(ageadjustedper100,000standard","Georgia",2005,"raw",3.8,18.2,10.5
"18-1Suicide(ageadjustedper100,000standard","Georgia",2005,"error",0.3,0.7,0.3
"18-1Suicide(ageadjustedper100,000standard","Georgia",2006,"raw",4,17,10
"18-1Suicide(ageadjustedper100,000standard","Georgia",2006,"error",0.3,0.7,0.3
"18-1Suicide(ageadjustedper100,000standard","Hawaii",1999,"raw",4.6,17.5,11.1
"18-1Suicide(ageadjustedper100,000standard","Hawaii",1999,"error",0.9,1.7,1
"18-1Suicide(ageadjustedper100,000standard","Hawaii",2000,"raw",4.2,18.4,11.2
"18-1Suicide(ageadjustedper100,000standard","Hawaii",2000,"error",0.8,1.8,1
"18-1Suicide(ageadjustedper100,000standard","Hawaii",2001,"raw",5.2,16.7,10.9
"18-1Suicide(ageadjustedper100,000standard","Hawaii",2001,"error",0.9,1.6,0.9
"18-1Suicide(ageadjustedper100,000standard","Hawaii",2002,"raw",4,14.8,9.5
"18-1Suicide(ageadjustedper100,000standard","Hawaii",2002,"error",0.8,1.5,0.9
"18-1Suicide(ageadjustedper100,000standard","Hawaii",2003,"raw",5.1,15.3,10.1
"18-1Suicide(ageadjustedper100,000standard","Hawaii",2003,"error",0.9,1.6,0.9
"18-1Suicide(ageadjustedper100,000standard","Hawaii",2004,"raw",3.9,14.2,9
"18-1Suicide(ageadjustedper100,000standard","Hawaii",2004,"error",0.8,1.5,0.8
"18-1Suicide(ageadjustedper100,000standard","Hawaii",2005,"raw",5.1,11.7,8.3
"18-1Suicide(ageadjustedper100,000standard","Hawaii",2005,"error",0.9,1.4,0.8
"18-1Suicide(ageadjustedper100,000standard","Hawaii",2006,"raw",4.9,13.6,9.2
"18-1Suicide(ageadjustedper100,000standard","Hawaii",2006,"error",0.9,1.5,0.8
"18-1Suicide(ageadjustedper100,000standard","Idaho",1999,"raw",5.8,24.9,14.8
"18-1Suicide(ageadjustedper100,000standard","Idaho",1999,"error",1,2.1,1.1
"18-1Suicide(ageadjustedper100,000standard","Idaho",2000,"raw",4.3,23.1,13.3
"18-1Suicide(ageadjustedper100,000standard","Idaho",2000,"error",0.8,2,1
"18-1Suicide(ageadjustedper100,000standard","Idaho",2001,"raw",8.2,24.9,16.3
"18-1Suicide(ageadjustedper100,000standard","Idaho",2001,"error",1.1,2,1.1
"18-1Suicide(ageadjustedper100,000standard","Idaho",2002,"raw",4,27.7,15.5
"18-1Suicide(ageadjustedper100,000standard","Idaho",2002,"error",0.8,2.1,1.1
"18-1Suicide(ageadjustedper100,000standard","Idaho",2003,"raw",4.9,28,16.2
"18-1Suicide(ageadjustedper100,000standard","Idaho",2003,"error",0.9,2.1,1.1
"18-1Suicide(ageadjustedper100,000standard","Idaho",2004,"raw",6.6,28.6,17.4
"18-1Suicide(ageadjustedper100,000standard","Idaho",2004,"error",1,2.1,1.1
"18-1Suicide(ageadjustedper100,000standard","Idaho",2005,"raw",4.9,28.4,16.2
"18-1Suicide(ageadjustedper100,000standard","Idaho",2005,"error",0.8,2.1,1.1
"18-1Suicide(ageadjustedper100,000standard","Idaho",2006,"raw",6.1,25.5,15.6
"18-1Suicide(ageadjustedper100,000standard","Idaho",2006,"error",0.9,1.9,1.1
"18-1Suicide(ageadjustedper100,000standard","Illinois",1999,"raw",3.1,14.2,8.3
"18-1Suicide(ageadjustedper100,000standard","Illinois",1999,"error",0.2,0.5,0.3
"18-1Suicide(ageadjustedper100,000standard","Illinois",2000,"raw",2.9,14,8.1
"18-1Suicide(ageadjustedper100,000standard","Illinois",2000,"error",0.2,0.5,0.3
"18-1Suicide(ageadjustedper100,000standard","Illinois",2001,"raw",3.3,15.6,9.1
"18-1Suicide(ageadjustedper100,000standard","Illinois",2001,"error",0.2,0.5,0.3
"18-1Suicide(ageadjustedper100,000standard","Illinois",2002,"raw",3.4,15.4,9.1
"18-1Suicide(ageadjustedper100,000standard","Illinois",2002,"error",0.2,0.5,0.3
"18-1Suicide(ageadjustedper100,000standard","Illinois",2003,"raw",2.7,13.8,8
"18-1Suicide(ageadjustedper100,000standard","Illinois",2003,"error",0.2,0.5,0.3
"18-1Suicide(ageadjustedper100,000standard","Illinois",2004,"raw",3.2,13.3,8.1
"18-1Suicide(ageadjustedper100,000standard","Illinois",2004,"error",0.2,0.5,0.3
"18-1Suicide(ageadjustedper100,000standard","Illinois",2005,"raw",3.4,14,8.5
"18-1Suicide(ageadjustedper100,000standard","Illinois",2005,"error",0.2,0.5,0.3
"18-1Suicide(ageadjustedper100,000standard","Illinois",2006,"raw",3,13,7.8
"18-1Suicide(ageadjustedper100,000standard","Illinois",2006,"error",0.2,0.5,0.2
"18-1Suicide(ageadjustedper100,000standard","Indiana",1999,"raw",3.4,18.4,10.4
"18-1Suicide(ageadjustedper100,000standard","Indiana",1999,"error",0.3,0.8,0.4
"18-1Suicide(ageadjustedper100,000standard","Indiana",2000,"raw",3.9,19.5,11.3
"18-1Suicide(ageadjustedper100,000standard","Indiana",2000,"error",0.4,0.8,0.4
"18-1Suicide(ageadjustedper100,000standard","Indiana",2001,"raw",4.7,19.7,11.7
"18-1Suicide(ageadjustedper100,000standard","Indiana",2001,"error",0.4,0.8,0.4
"18-1Suicide(ageadjustedper100,000standard","Indiana",2002,"raw",4.3,20.6,12.1
"18-1Suicide(ageadjustedper100,000standard","Indiana",2002,"error",0.4,0.8,0.4
"18-1Suicide(ageadjustedper100,000standard","Indiana",2003,"raw",4.2,20.3,12
"18-1Suicide(ageadjustedper100,000standard","Indiana",2003,"error",0.4,0.8,0.4
"18-1Suicide(ageadjustedper100,000standard","Indiana",2004,"raw",4.5,18.9,11.3
"18-1Suicide(ageadjustedper100,000standard","Indiana",2004,"error",0.4,0.8,0.4
"18-1Suicide(ageadjustedper100,000standard","Indiana",2005,"raw",3.9,20.5,11.9
"18-1Suicide(ageadjustedper100,000standard","Indiana",2005,"error",0.4,0.8,0.4
"18-1Suicide(ageadjustedper100,000standard","Indiana",2006,"raw",4.7,21.9,13
"18-1Suicide(ageadjustedper100,000standard","Indiana",2006,"error",0.4,0.9,0.5
"18-1Suicide(ageadjustedper100,000standard","Iowa",1999,"raw",3.3,18,10.3
"18-1Suicide(ageadjustedper100,000standard","Iowa",1999,"error",0.5,1.1,0.6
"18-1Suicide(ageadjustedper100,000standard","Iowa",2000,"raw",3,17.2,9.8
"18-1Suicide(ageadjustedper100,000standard","Iowa",2000,"error",0.5,1.1,0.6
"18-1Suicide(ageadjustedper100,000standard","Iowa",2001,"raw",3,17.8,10.2
"18-1Suicide(ageadjustedper100,000standard","Iowa",2001,"error",0.5,1.1,0.6
"18-1Suicide(ageadjustedper100,000standard","Iowa",2002,"raw",4.2,17.2,10.5
"18-1Suicide(ageadjustedper100,000standard","Iowa",2002,"error",0.5,1.1,0.6
"18-1Suicide(ageadjustedper100,000standard","Iowa",2003,"raw",3.9,19.9,11.7
"18-1Suicide(ageadjustedper100,000standard","Iowa",2003,"error",0.5,1.2,0.6
"18-1Suicide(ageadjustedper100,000standard","Iowa",2004,"raw",3.8,19.3,11.3
"18-1Suicide(ageadjustedper100,000standard","Iowa",2004,"error",0.5,1.1,0.6
"18-1Suicide(ageadjustedper100,000standard","Iowa",2005,"raw",5.2,17.1,10.9
"18-1Suicide(ageadjustedper100,000standard","Iowa",2005,"error",0.6,1.1,0.6
"18-1Suicide(ageadjustedper100,000standard","Iowa",2006,"raw",4.1,18.3,11.1
"18-1Suicide(ageadjustedper100,000standard","Iowa",2006,"error",0.5,1.1,0.6
"18-1Suicide(ageadjustedper100,000standard","Kansas",1999,"raw",3.7,19.4,11.2
"18-1Suicide(ageadjustedper100,000standard","Kansas",1999,"error",0.5,1.2,0.7
"18-1Suicide(ageadjustedper100,000standard","Kansas",2000,"raw",4.1,21,12.2
"18-1Suicide(ageadjustedper100,000standard","Kansas",2000,"error",0.6,1.3,0.7
"18-1Suicide(ageadjustedper100,000standard","Kansas",2001,"raw",4.1,17.9,10.9
"18-1Suicide(ageadjustedper100,000standard","Kansas",2001,"error",0.6,1.2,0.6
"18-1Suicide(ageadjustedper100,000standard","Kansas",2002,"raw",4.2,21.6,12.6
"18-1Suicide(ageadjustedper100,000standard","Kansas",2002,"error",0.6,1.3,0.7
"18-1Suicide(ageadjustedper100,000standard","Kansas",2003,"raw",5.6,20.6,12.7
"18-1Suicide(ageadjustedper100,000standard","Kansas",2003,"error",0.6,1.3,0.7
"18-1Suicide(ageadjustedper100,000standard","Kansas",2004,"raw",5.7,21.6,13.5
"18-1Suicide(ageadjustedper100,000standard","Kansas",2004,"error",0.6,1.3,0.7
"18-1Suicide(ageadjustedper100,000standard","Kansas",2005,"raw",4.6,22.1,13.1
"18-1Suicide(ageadjustedper100,000standard","Kansas",2005,"error",0.6,1.3,0.7
"18-1Suicide(ageadjustedper100,000standard","Kansas",2006,"raw",5,22.8,13.8
"18-1Suicide(ageadjustedper100,000standard","Kansas",2006,"error",0.6,1.3,0.7
"18-1Suicide(ageadjustedper100,000standard","Kentucky",1999,"raw",4,20.7,11.6
"18-1Suicide(ageadjustedper100,000standard","Kentucky",1999,"error",0.4,1.1,0.5
"18-1Suicide(ageadjustedper100,000standard","Kentucky",2000,"raw",4.1,22.8,12.8
"18-1Suicide(ageadjustedper100,000standard","Kentucky",2000,"error",0.4,1.1,0.6
"18-1Suicide(ageadjustedper100,000standard","Kentucky",2001,"raw",4.3,20.6,11.9
"18-1Suicide(ageadjustedper100,000standard","Kentucky",2001,"error",0.4,1,0.5
"18-1Suicide(ageadjustedper100,000standard","Kentucky",2002,"raw",4.4,22.3,12.8
"18-1Suicide(ageadjustedper100,000standard","Kentucky",2002,"error",0.5,1.1,0.6
"18-1Suicide(ageadjustedper100,000standard","Kentucky",2003,"raw",4.5,23.5,13.5
"18-1Suicide(ageadjustedper100,000standard","Kentucky",2003,"error",0.5,1.1,0.6
"18-1Suicide(ageadjustedper100,000standard","Kentucky",2004,"raw",4.4,23,13.2
"18-1Suicide(ageadjustedper100,000standard","Kentucky",2004,"error",0.5,1.1,0.6
"18-1Suicide(ageadjustedper100,000standard","Kentucky",2005,"raw",5.2,22.2,13.3
"18-1Suicide(ageadjustedper100,000standard","Kentucky",2005,"error",0.5,1.1,0.6
"18-1Suicide(ageadjustedper100,000standard","Kentucky",2006,"raw",4.8,25.2,14.6
"18-1Suicide(ageadjustedper100,000standard","Kentucky",2006,"error",0.5,1.1,0.6
"18-1Suicide(ageadjustedper100,000standard","Louisiana",1999,"raw",4.4,20.7,11.9
"18-1Suicide(ageadjustedper100,000standard","Louisiana",1999,"error",0.4,1,0.5
"18-1Suicide(ageadjustedper100,000standard","Louisiana",2000,"raw",3.6,18.8,10.7
"18-1Suicide(ageadjustedper100,000standard","Louisiana",2000,"error",0.4,1,0.5
"18-1Suicide(ageadjustedper100,000standard","Louisiana",2001,"raw",4.3,19.5,11.2
"18-1Suicide(ageadjustedper100,000standard","Louisiana",2001,"error",0.4,1,0.5
"18-1Suicide(ageadjustedper100,000standard","Louisiana",2002,"raw",3.5,20,11.2
"18-1Suicide(ageadjustedper100,000standard","Louisiana",2002,"error",0.4,1,0.5
"18-1Suicide(ageadjustedper100,000standard","Louisiana",2003,"raw",4.3,17.3,10.4
"18-1Suicide(ageadjustedper100,000standard","Louisiana",2003,"error",0.4,0.9,0.5
"18-1Suicide(ageadjustedper100,000standard","Louisiana",2004,"raw",4.3,20.6,12
"18-1Suicide(ageadjustedper100,000standard","Louisiana",2004,"error",0.4,1,0.5
"18-1Suicide(ageadjustedper100,000standard","Louisiana",2005,"raw",4.5,18.5,11.1
"18-1Suicide(ageadjustedper100,000standard","Louisiana",2005,"error",0.4,0.9,0.5
"18-1Suicide(ageadjustedper100,000standard","Louisiana",2006,"raw",4.6,19.3,11.6
"18-1Suicide(ageadjustedper100,000standard","Louisiana",2006,"error",0.5,1,0.5
"18-1Suicide(ageadjustedper100,000standard","Maine",1999,"raw",5.7,22.5,13.4
"18-1Suicide(ageadjustedper100,000standard","Maine",1999,"error",0.9,1.9,1
"18-1Suicide(ageadjustedper100,000standard","Maine",2000,"raw",3.2,21.5,11.8
"18-1Suicide(ageadjustedper100,000standard","Maine",2000,"error",0.7,1.9,1
"18-1Suicide(ageadjustedper100,000standard","Maine",2001,"raw",4.7,20.1,12
"18-1Suicide(ageadjustedper100,000standard","Maine",2001,"error",0.8,1.8,1
"18-1Suicide(ageadjustedper100,000standard","Maine",2002,"raw",4.7,20.9,12.3
"18-1Suicide(ageadjustedper100,000standard","Maine",2002,"error",0.8,1.8,1
"18-1Suicide(ageadjustedper100,000standard","Maine",2003,"raw",4.1,16.6,9.9
"18-1Suicide(ageadjustedper100,000standard","Maine",2003,"error",0.8,1.6,0.9
"18-1Suicide(ageadjustedper100,000standard","Maine",2004,"raw",4.8,20.5,12.2
"18-1Suicide(ageadjustedper100,000standard","Maine",2004,"error",0.8,1.8,0.9
"18-1Suicide(ageadjustedper100,000standard","Maine",2005,"raw",4.1,21.6,12.3
"18-1Suicide(ageadjustedper100,000standard","Maine",2005,"error",0.8,1.8,0.9
"18-1Suicide(ageadjustedper100,000standard","Maine",2006,"raw",4.5,18.1,11
"18-1Suicide(ageadjustedper100,000standard","Maine",2006,"error",0.8,1.6,0.9
"18-1Suicide(ageadjustedper100,000standard","Maryland",1999,"raw",2.6,14.9,8.3
"18-1Suicide(ageadjustedper100,000standard","Maryland",1999,"error",0.3,0.8,0.4
"18-1Suicide(ageadjustedper100,000standard","Maryland",2000,"raw",3.2,16,9
"18-1Suicide(ageadjustedper100,000standard","Maryland",2000,"error",0.3,0.8,0.4
"18-1Suicide(ageadjustedper100,000standard","Maryland",2001,"raw",3.1,14.3,8.4
"18-1Suicide(ageadjustedper100,000standard","Maryland",2001,"error",0.3,0.8,0.4
"18-1Suicide(ageadjustedper100,000standard","Maryland",2002,"raw",3.3,15,8.7
"18-1Suicide(ageadjustedper100,000standard","Maryland",2002,"error",0.3,0.8,0.4
"18-1Suicide(ageadjustedper100,000standard","Maryland",2003,"raw",3.4,15.2,8.9
"18-1Suicide(ageadjustedper100,000standard","Maryland",2003,"error",0.3,0.8,0.4
"18-1Suicide(ageadjustedper100,000standard","Maryland",2004,"raw",3.3,15.2,8.9
"18-1Suicide(ageadjustedper100,000standard","Maryland",2004,"error",0.3,0.8,0.4
"18-1Suicide(ageadjustedper100,000standard","Maryland",2005,"raw",3.1,14.6,8.4
"18-1Suicide(ageadjustedper100,000standard","Maryland",2005,"error",0.3,0.8,0.4
"18-1Suicide(ageadjustedper100,000standard","Maryland",2006,"raw",3.2,14.8,8.6
"18-1Suicide(ageadjustedper100,000standard","Maryland",2006,"error",0.3,0.7,0.4
"18-1Suicide(ageadjustedper100,000standard","Massachusetts",1999,"raw",3.1,10.8,6.7
"18-1Suicide(ageadjustedper100,000standard","Massachusetts",1999,"error",0.3,0.6,0.3
"18-1Suicide(ageadjustedper100,000standard","Massachusetts",2000,"raw",2.9,9.4,6
"18-1Suicide(ageadjustedper100,000standard","Massachusetts",2000,"error",0.3,0.6,0.3
"18-1Suicide(ageadjustedper100,000standard","Massachusetts",2001,"raw",2.6,10.8,6.5
"18-1Suicide(ageadjustedper100,000standard","Massachusetts",2001,"error",0.3,0.6,0.3
"18-1Suicide(ageadjustedper100,000standard","Massachusetts",2002,"raw",2.3,11.4,6.5
"18-1Suicide(ageadjustedper100,000standard","Massachusetts",2002,"error",0.3,0.6,0.3
"18-1Suicide(ageadjustedper100,000standard","Massachusetts",2003,"raw",3,10.5,6.5
"18-1Suicide(ageadjustedper100,000standard","Massachusetts",2003,"error",0.3,0.6,0.3
"18-1Suicide(ageadjustedper100,000standard","Massachusetts",2004,"raw",2.3,10.9,6.4
"18-1Suicide(ageadjustedper100,000standard","Massachusetts",2004,"error",0.3,0.6,0.3
"18-1Suicide(ageadjustedper100,000standard","Massachusetts",2005,"raw",3.5,11.4,7.2
"18-1Suicide(ageadjustedper100,000standard","Massachusetts",2005,"error",0.3,0.6,0.3
"18-1Suicide(ageadjustedper100,000standard","Massachusetts",2006,"raw",3.6,9.9,6.7
"18-1Suicide(ageadjustedper100,000standard","Massachusetts",2006,"error",0.3,0.6,0.3
"18-1Suicide(ageadjustedper100,000standard","Michigan",1999,"raw",3.6,16.9,9.9
"18-1Suicide(ageadjustedper100,000standard","Michigan",1999,"error",0.3,0.6,0.3
"18-1Suicide(ageadjustedper100,000standard","Michigan",2000,"raw",3.6,16.8,9.9
"18-1Suicide(ageadjustedper100,000standard","Michigan",2000,"error",0.3,0.6,0.3
"18-1Suicide(ageadjustedper100,000standard","Michigan",2001,"raw",3.9,17.7,10.5
"18-1Suicide(ageadjustedper100,000standard","Michigan",2001,"error",0.3,0.6,0.3
"18-1Suicide(ageadjustedper100,000standard","Michigan",2002,"raw",4,18.7,11
"18-1Suicide(ageadjustedper100,000standard","Michigan",2002,"error",0.3,0.6,0.3
"18-1Suicide(ageadjustedper100,000standard","Michigan",2003,"raw",4,16.8,10.1
"18-1Suicide(ageadjustedper100,000standard","Michigan",2003,"error",0.3,0.6,0.3
"18-1Suicide(ageadjustedper100,000standard","Michigan",2004,"raw",4.3,17.8,10.8
"18-1Suicide(ageadjustedper100,000standard","Michigan",2004,"error",0.3,0.6,0.3
"18-1Suicide(ageadjustedper100,000standard","Michigan",2005,"raw",4.5,17.8,10.8
"18-1Suicide(ageadjustedper100,000standard","Michigan",2005,"error",0.3,0.6,0.3
"18-1Suicide(ageadjustedper100,000standard","Michigan",2006,"raw",4,18.7,11.1
"18-1Suicide(ageadjustedper100,000standard","Michigan",2006,"error",0.3,0.6,0.3
"18-1Suicide(ageadjustedper100,000standard","Minnesota",1999,"raw",3,15.4,9
"18-1Suicide(ageadjustedper100,000standard","Minnesota",1999,"error",0.3,0.8,0.4
"18-1Suicide(ageadjustedper100,000standard","Minnesota",2000,"raw",2.9,15.4,8.9
"18-1Suicide(ageadjustedper100,000standard","Minnesota",2000,"error",0.3,0.8,0.4
"18-1Suicide(ageadjustedper100,000standard","Minnesota",2001,"raw",3.4,16.1,9.6
"18-1Suicide(ageadjustedper100,000standard","Minnesota",2001,"error",0.4,0.8,0.4
"18-1Suicide(ageadjustedper100,000standard","Minnesota",2002,"raw",3.5,16.5,9.7
"18-1Suicide(ageadjustedper100,000standard","Minnesota",2002,"error",0.4,0.8,0.4
"18-1Suicide(ageadjustedper100,000standard","Minnesota",2003,"raw",3.6,16.1,9.7
"18-1Suicide(ageadjustedper100,000standard","Minnesota",2003,"error",0.4,0.8,0.4
"18-1Suicide(ageadjustedper100,000standard","Minnesota",2004,"raw",3.7,16.7,10.1
"18-1Suicide(ageadjustedper100,000standard","Minnesota",2004,"error",0.4,0.8,0.4
"18-1Suicide(ageadjustedper100,000standard","Minnesota",2005,"raw",4,17.1,10.3
"18-1Suicide(ageadjustedper100,000standard","Minnesota",2005,"error",0.4,0.8,0.4
"18-1Suicide(ageadjustedper100,000standard","Minnesota",2006,"raw",4.2,17.2,10.6
"18-1Suicide(ageadjustedper100,000standard","Minnesota",2006,"error",0.4,0.8,0.5
"18-1Suicide(ageadjustedper100,000standard","Mississippi",1999,"raw",3.7,19.8,11
"18-1Suicide(ageadjustedper100,000standard","Mississippi",1999,"error",0.5,1.3,0.6
"18-1Suicide(ageadjustedper100,000standard","Mississippi",2000,"raw",3.7,18.4,10.5
"18-1Suicide(ageadjustedper100,000standard","Mississippi",2000,"error",0.5,1.2,0.6
"18-1Suicide(ageadjustedper100,000standard","Mississippi",2001,"raw",3.7,20.7,11.7
"18-1Suicide(ageadjustedper100,000standard","Mississippi",2001,"error",0.5,1.3,0.6
"18-1Suicide(ageadjustedper100,000standard","Mississippi",2002,"raw",3.7,21.6,12.1
"18-1Suicide(ageadjustedper100,000standard","Mississippi",2002,"error",0.5,1.3,0.7
"18-1Suicide(ageadjustedper100,000standard","Mississippi",2003,"raw",5.3,19.5,11.9
"18-1Suicide(ageadjustedper100,000standard","Mississippi",2003,"error",0.6,1.2,0.6
"18-1Suicide(ageadjustedper100,000standard","Mississippi",2004,"raw",3.7,21.5,12.1
"18-1Suicide(ageadjustedper100,000standard","Mississippi",2004,"error",0.5,1.3,0.6
"18-1Suicide(ageadjustedper100,000standard","Mississippi",2005,"raw",4.5,21.7,12.6
"18-1Suicide(ageadjustedper100,000standard","Mississippi",2005,"error",0.6,1.3,0.7
"18-1Suicide(ageadjustedper100,000standard","Mississippi",2006,"raw",4.9,19,11.4
"18-1Suicide(ageadjustedper100,000standard","Mississippi",2006,"error",0.6,1.2,0.6
"18-1Suicide(ageadjustedper100,000standard","Missouri",1999,"raw",4.8,21.6,12.5
"18-1Suicide(ageadjustedper100,000standard","Missouri",1999,"error",0.4,0.9,0.5
"18-1Suicide(ageadjustedper100,000standard","Missouri",2000,"raw",4.7,21.4,12.5
"18-1Suicide(ageadjustedper100,000standard","Missouri",2000,"error",0.4,0.9,0.5
"18-1Suicide(ageadjustedper100,000standard","Missouri",2001,"raw",4.4,22,12.7
"18-1Suicide(ageadjustedper100,000standard","Missouri",2001,"error",0.4,0.9,0.5
"18-1Suicide(ageadjustedper100,000standard","Missouri",2002,"raw",3.9,21.1,12.1
"18-1Suicide(ageadjustedper100,000standard","Missouri",2002,"error",0.4,0.9,0.5
"18-1Suicide(ageadjustedper100,000standard","Missouri",2003,"raw",4.9,19.5,11.8
"18-1Suicide(ageadjustedper100,000standard","Missouri",2003,"error",0.4,0.8,0.5
"18-1Suicide(ageadjustedper100,000standard","Missouri",2004,"raw",5.2,20.2,12.3
"18-1Suicide(ageadjustedper100,000standard","Missouri",2004,"error",0.4,0.9,0.5
"18-1Suicide(ageadjustedper100,000standard","Missouri",2005,"raw",4.7,20.7,12.4
"18-1Suicide(ageadjustedper100,000standard","Missouri",2005,"error",0.4,0.9,0.5
"18-1Suicide(ageadjustedper100,000standard","Missouri",2006,"raw",5.6,22.3,13.5
"18-1Suicide(ageadjustedper100,000standard","Missouri",2006,"error",0.4,0.9,0.5
"18-1Suicide(ageadjustedper100,000standard","Montana",1999,"raw",6.3,30.5,17.7
"18-1Suicide(ageadjustedper100,000standard","Montana",1999,"error",1.2,2.7,1.4
"18-1Suicide(ageadjustedper100,000standard","Montana",2000,"raw",5,30.5,17.5
"18-1Suicide(ageadjustedper100,000standard","Montana",2000,"error",1.1,2.6,1.4
"18-1Suicide(ageadjustedper100,000standard","Montana",2001,"raw",5.8,33.8,19.1
"18-1Suicide(ageadjustedper100,000standard","Montana",2001,"error",1.1,2.8,1.5
"18-1Suicide(ageadjustedper100,000standard","Montana",2002,"raw",7.4,32.6,19.9
"18-1Suicide(ageadjustedper100,000standard","Montana",2002,"error",1.3,2.7,1.5
"18-1Suicide(ageadjustedper100,000standard","Montana",2003,"raw",7.2,32.2,19.3
"18-1Suicide(ageadjustedper100,000standard","Montana",2003,"error",1.3,2.7,1.5
"18-1Suicide(ageadjustedper100,000standard","Montana",2004,"raw",7,30.3,18.6
"18-1Suicide(ageadjustedper100,000standard","Montana",2004,"error",1.2,2.6,1.4
"18-1Suicide(ageadjustedper100,000standard","Montana",2005,"raw",7.8,35.8,21.5
"18-1Suicide(ageadjustedper100,000standard","Montana",2005,"error",1.3,2.8,1.5
"18-1Suicide(ageadjustedper100,000standard","Montana",2006,"raw",5.5,34.7,19.7
"18-1Suicide(ageadjustedper100,000standard","Montana",2006,"error",1.1,2.8,1.5
"18-1Suicide(ageadjustedper100,000standard","Nebraska",1999,"raw",2.8,18.6,10.5
"18-1Suicide(ageadjustedper100,000standard","Nebraska",1999,"error",0.6,1.5,0.8
"18-1Suicide(ageadjustedper100,000standard","Nebraska",2000,"raw",4,19.2,11.3
"18-1Suicide(ageadjustedper100,000standard","Nebraska",2000,"error",0.7,1.5,0.8
"18-1Suicide(ageadjustedper100,000standard","Nebraska",2001,"raw",3,19.2,10.9
"18-1Suicide(ageadjustedper100,000standard","Nebraska",2001,"error",0.6,1.5,0.8
"18-1Suicide(ageadjustedper100,000standard","Nebraska",2002,"raw",4.1,19.9,11.7
"18-1Suicide(ageadjustedper100,000standard","Nebraska",2002,"error",0.7,1.5,0.8
"18-1Suicide(ageadjustedper100,000standard","Nebraska",2003,"raw",2.8,17.9,10.1
"18-1Suicide(ageadjustedper100,000standard","Nebraska",2003,"error",0.6,1.5,0.8
"18-1Suicide(ageadjustedper100,000standard","Nebraska",2004,"raw",3.9,15.3,9.5
"18-1Suicide(ageadjustedper100,000standard","Nebraska",2004,"error",0.7,1.3,0.7
"18-1Suicide(ageadjustedper100,000standard","Nebraska",2005,"raw",4.8,17,10.8
"18-1Suicide(ageadjustedper100,000standard","Nebraska",2005,"error",0.8,1.4,0.8
"18-1Suicide(ageadjustedper100,000standard","Nebraska",2006,"raw",3.7,18.9,11.2
"18-1Suicide(ageadjustedper100,000standard","Nebraska",2006,"error",0.7,1.5,0.8
"18-1Suicide(ageadjustedper100,000standard","Nevada",1999,"raw",7.9,35.5,21.3
"18-1Suicide(ageadjustedper100,000standard","Nevada",1999,"error",0.9,2.1,1.1
"18-1Suicide(ageadjustedper100,000standard","Nevada",2000,"raw",7,33.7,20.2
"18-1Suicide(ageadjustedper100,000standard","Nevada",2000,"error",0.8,1.9,1
"18-1Suicide(ageadjustedper100,000standard","Nevada",2001,"raw",8.2,29.9,18.8
"18-1Suicide(ageadjustedper100,000standard","Nevada",2001,"error",0.9,1.8,1
"18-1Suicide(ageadjustedper100,000standard","Nevada",2002,"raw",8.4,31.6,19.8
"18-1Suicide(ageadjustedper100,000standard","Nevada",2002,"error",0.9,1.8,1
"18-1Suicide(ageadjustedper100,000standard","Nevada",2003,"raw",7.8,32.9,20.1
"18-1Suicide(ageadjustedper100,000standard","Nevada",2003,"error",0.9,1.8,1
"18-1Suicide(ageadjustedper100,000standard","Nevada",2004,"raw",8.6,30.6,19.2
"18-1Suicide(ageadjustedper100,000standard","Nevada",2004,"error",0.9,1.7,0.9
"18-1Suicide(ageadjustedper100,000standard","Nevada",2005,"raw",8.7,31.7,20.1
"18-1Suicide(ageadjustedper100,000standard","Nevada",2005,"error",0.9,1.7,0.9
"18-1Suicide(ageadjustedper100,000standard","Nevada",2006,"raw",8.7,30.7,19.5
"18-1Suicide(ageadjustedper100,000standard","Nevada",2006,"error",0.8,1.6,0.9
"18-1Suicide(ageadjustedper100,000standard","NewHampshire",1999,"raw",4.4,18.9,11.2
"18-1Suicide(ageadjustedper100,000standard","NewHampshire",1999,"error",0.8,1.8,1
"18-1Suicide(ageadjustedper100,000standard","NewHampshire",2000,"raw",4.1,17.4,10.3
"18-1Suicide(ageadjustedper100,000standard","NewHampshire",2000,"error",0.8,1.7,0.9
"18-1Suicide(ageadjustedper100,000standard","NewHampshire",2001,"raw",5.3,21.4,13.1
"18-1Suicide(ageadjustedper100,000standard","NewHampshire",2001,"error",0.9,1.9,1
"18-1Suicide(ageadjustedper100,000standard","NewHampshire",2002,"raw",3.5,17.4,10.2
"18-1Suicide(ageadjustedper100,000standard","NewHampshire",2002,"error",0.7,1.7,0.9
"18-1Suicide(ageadjustedper100,000standard","NewHampshire",2003,"raw",4.6,19.9,11.9
"18-1Suicide(ageadjustedper100,000standard","NewHampshire",2003,"error",0.8,1.8,1
"18-1Suicide(ageadjustedper100,000standard","NewHampshire",2004,"raw",4.2,16.1,9.8
"18-1Suicide(ageadjustedper100,000standard","NewHampshire",2004,"error",0.8,1.6,0.9
"18-1Suicide(ageadjustedper100,000standard","NewHampshire",2005,"raw",4.2,20.3,11.8
"18-1Suicide(ageadjustedper100,000standard","NewHampshire",2005,"error",0.8,1.8,0.9
"18-1Suicide(ageadjustedper100,000standard","NewHampshire",2006,"raw",5.6,17.1,11
"18-1Suicide(ageadjustedper100,000standard","NewHampshire",2006,"error",0.9,1.6,0.9
"18-1Suicide(ageadjustedper100,000standard","NewJersey",1999,"raw",2.7,11.3,6.6
"18-1Suicide(ageadjustedper100,000standard","NewJersey",1999,"error",0.2,0.5,0.3
"18-1Suicide(ageadjustedper100,000standard","NewJersey",2000,"raw",2.6,11,6.6
"18-1Suicide(ageadjustedper100,000standard","NewJersey",2000,"error",0.2,0.5,0.3
"18-1Suicide(ageadjustedper100,000standard","NewJersey",2001,"raw",3,11.1,6.8
"18-1Suicide(ageadjustedper100,000standard","NewJersey",2001,"error",0.3,0.5,0.3
"18-1Suicide(ageadjustedper100,000standard","NewJersey",2002,"raw",2.4,10.8,6.3
"18-1Suicide(ageadjustedper100,000standard","NewJersey",2002,"error",0.2,0.5,0.3
"18-1Suicide(ageadjustedper100,000standard","NewJersey",2003,"raw",2.5,11.2,6.7
"18-1Suicide(ageadjustedper100,000standard","NewJersey",2003,"error",0.2,0.5,0.3
"18-1Suicide(ageadjustedper100,000standard","NewJersey",2004,"raw",2.5,11.4,6.8
"18-1Suicide(ageadjustedper100,000standard","NewJersey",2004,"error",0.2,0.5,0.3
"18-1Suicide(ageadjustedper100,000standard","NewJersey",2005,"raw",2.5,10,6
"18-1Suicide(ageadjustedper100,000standard","NewJersey",2005,"error",0.2,0.5,0.3
"18-1Suicide(ageadjustedper100,000standard","NewJersey",2006,"raw",2.4,10.9,6.5
"18-1Suicide(ageadjustedper100,000standard","NewJersey",2006,"error",0.2,0.5,0.3
"18-1Suicide(ageadjustedper100,000standard","NewMexico",1999,"raw",6.2,31,18.1
"18-1Suicide(ageadjustedper100,000standard","NewMexico",1999,"error",0.8,1.9,1
"18-1Suicide(ageadjustedper100,000standard","NewMexico",2000,"raw",7.1,30.4,18.3
"18-1Suicide(ageadjustedper100,000standard","NewMexico",2000,"error",0.9,1.9,1
"18-1Suicide(ageadjustedper100,000standard","NewMexico",2001,"raw",8.6,33,20.2
"18-1Suicide(ageadjustedper100,000standard","NewMexico",2001,"error",1,2,1.1
"18-1Suicide(ageadjustedper100,000standard","NewMexico",2002,"raw",6.7,32.6,19.1
"18-1Suicide(ageadjustedper100,000standard","NewMexico",2002,"error",0.8,1.9,1
"18-1Suicide(ageadjustedper100,000standard","NewMexico",2003,"raw",5.8,32.7,18.7
"18-1Suicide(ageadjustedper100,000standard","NewMexico",2003,"error",0.8,1.9,1
"18-1Suicide(ageadjustedper100,000standard","NewMexico",2004,"raw",6.7,31.5,18.7
"18-1Suicide(ageadjustedper100,000standard","NewMexico",2004,"error",0.8,1.9,1
"18-1Suicide(ageadjustedper100,000standard","NewMexico",2005,"raw",6.9,29.5,17.7
"18-1Suicide(ageadjustedper100,000standard","NewMexico",2005,"error",0.8,1.8,1
"18-1Suicide(ageadjustedper100,000standard","NewMexico",2006,"raw",6.7,30.1,18
"18-1Suicide(ageadjustedper100,000standard","NewMexico",2006,"error",0.8,1.8,1
"18-1Suicide(ageadjustedper100,000standard","NewYork",1999,"raw",2.5,10.6,6.3
"18-1Suicide(ageadjustedper100,000standard","NewYork",1999,"error",0.2,0.3,0.2
"18-1Suicide(ageadjustedper100,000standard","NewYork",2000,"raw",2,10.4,5.9
"18-1Suicide(ageadjustedper100,000standard","NewYork",2000,"error",0.1,0.3,0.2
"18-1Suicide(ageadjustedper100,000standard","NewYork",2001,"raw",2.4,11.1,6.5
"18-1Suicide(ageadjustedper100,000standard","NewYork",2001,"error",0.2,0.4,0.2
"18-1Suicide(ageadjustedper100,000standard","NewYork",2002,"raw",2.3,10.8,6.3
"18-1Suicide(ageadjustedper100,000standard","NewYork",2002,"error",0.2,0.3,0.2
"18-1Suicide(ageadjustedper100,000standard","NewYork",2003,"raw",2.3,10.1,5.9
"18-1Suicide(ageadjustedper100,000standard","NewYork",2003,"error",0.2,0.3,0.2
"18-1Suicide(ageadjustedper100,000standard","NewYork",2004,"raw",2.1,10.4,6
"18-1Suicide(ageadjustedper100,000standard","NewYork",2004,"error",0.1,0.3,0.2
"18-1Suicide(ageadjustedper100,000standard","NewYork",2005,"raw",2.1,10.3,6
"18-1Suicide(ageadjustedper100,000standard","NewYork",2005,"error",0.1,0.3,0.2
"18-1Suicide(ageadjustedper100,000standard","NewYork",2006,"raw",2.4,11.4,6.6
"18-1Suicide(ageadjustedper100,000standard","NewYork",2006,"error",0.2,0.3,0.2
"18-1Suicide(ageadjustedper100,000standard","NorthCarolina",1999,"raw",4.4,18.5,11
"18-1Suicide(ageadjustedper100,000standard","NorthCarolina",1999,"error",0.3,0.7,0.4
"18-1Suicide(ageadjustedper100,000standard","NorthCarolina",2000,"raw",5.4,19.6,12
"18-1Suicide(ageadjustedper100,000standard","NorthCarolina",2000,"error",0.4,0.7,0.4
"18-1Suicide(ageadjustedper100,000standard","NorthCarolina",2001,"raw",4.8,20.4,12.1
"18-1Suicide(ageadjustedper100,000standard","NorthCarolina",2001,"error",0.3,0.7,0.4
"18-1Suicide(ageadjustedper100,000standard","NorthCarolina",2002,"raw",4.5,20.2,11.8
"18-1Suicide(ageadjustedper100,000standard","NorthCarolina",2002,"error",0.3,0.7,0.4
"18-1Suicide(ageadjustedper100,000standard","NorthCarolina",2003,"raw",4.5,18.9,11.3
"18-1Suicide(ageadjustedper100,000standard","NorthCarolina",2003,"error",0.3,0.7,0.4
"18-1Suicide(ageadjustedper100,000standard","NorthCarolina",2004,"raw",5.2,19.5,12
"18-1Suicide(ageadjustedper100,000standard","NorthCarolina",2004,"error",0.3,0.7,0.4
"18-1Suicide(ageadjustedper100,000standard","NorthCarolina",2005,"raw",5.4,18.5,11.5
"18-1Suicide(ageadjustedper100,000standard","NorthCarolina",2005,"error",0.3,0.7,0.4
"18-1Suicide(ageadjustedper100,000standard","NorthCarolina",2006,"raw",5.4,19.9,12.2
"18-1Suicide(ageadjustedper100,000standard","NorthCarolina",2006,"error",0.3,0.7,0.4
"18-1Suicide(ageadjustedper100,000standard","NorthDakota",1999,"raw",5.5,17.2,11.1
"18-1Suicide(ageadjustedper100,000standard","NorthDakota",1999,"error",1.3,2.3,1.3
"18-1Suicide(ageadjustedper100,000standard","NorthDakota",2000,"raw",2.8,18.3,10.4
"18-1Suicide(ageadjustedper100,000standard","NorthDakota",2000,"error",0.9,2.4,1.3
"18-1Suicide(ageadjustedper100,000standard","NorthDakota",2001,"raw",6,19.6,12.7
"18-1Suicide(ageadjustedper100,000standard","NorthDakota",2001,"error",1.4,2.5,1.4
"18-1Suicide(ageadjustedper100,000standard","NorthDakota",2002,"raw",4,24.2,14.2
"18-1Suicide(ageadjustedper100,000standard","NorthDakota",2002,"error",1.1,2.8,1.5
"18-1Suicide(ageadjustedper100,000standard","NorthDakota",2003,"raw",4.6,20.3,12.4
"18-1Suicide(ageadjustedper100,000standard","NorthDakota",2003,"error",1.2,2.5,1.4
"18-1Suicide(ageadjustedper100,000standard","NorthDakota",2004,"raw",3.1,19.3,11.2
"18-1Suicide(ageadjustedper100,000standard","NorthDakota",2004,"error",1,2.5,1.3
"18-1Suicide(ageadjustedper100,000standard","NorthDakota",2005,"raw",1.9,25.4,13.7
"18-1Suicide(ageadjustedper100,000standard","NorthDakota",2005,"error",0.8,2.8,1.5
"18-1Suicide(ageadjustedper100,000standard","NorthDakota",2006,"raw",5.3,21.7,13.6
"18-1Suicide(ageadjustedper100,000standard","NorthDakota",2006,"error",1.3,2.6,1.5
"18-1Suicide(ageadjustedper100,000standard","Ohio",1999,"raw",3.4,17,9.7
"18-1Suicide(ageadjustedper100,000standard","Ohio",1999,"error",0.2,0.6,0.3
"18-1Suicide(ageadjustedper100,000standard","Ohio",2000,"raw",3.2,16.9,9.5
"18-1Suicide(ageadjustedper100,000standard","Ohio",2000,"error",0.2,0.6,0.3
"18-1Suicide(ageadjustedper100,000standard","Ohio",2001,"raw",3.6,18.6,10.6
"18-1Suicide(ageadjustedper100,000standard","Ohio",2001,"error",0.2,0.6,0.3
"18-1Suicide(ageadjustedper100,000standard","Ohio",2002,"raw",4.3,19,11.2
"18-1Suicide(ageadjustedper100,000standard","Ohio",2002,"error",0.3,0.6,0.3
"18-1Suicide(ageadjustedper100,000standard","Ohio",2003,"raw",3.2,16.1,9.3
"18-1Suicide(ageadjustedper100,000standard","Ohio",2003,"error",0.2,0.5,0.3
"18-1Suicide(ageadjustedper100,000standard","Ohio",2004,"raw",4.7,18.6,11.3
"18-1Suicide(ageadjustedper100,000standard","Ohio",2004,"error",0.3,0.6,0.3
"18-1Suicide(ageadjustedper100,000standard","Ohio",2005,"raw",4,19.6,11.4
"18-1Suicide(ageadjustedper100,000standard","Ohio",2005,"error",0.3,0.6,0.3
"18-1Suicide(ageadjustedper100,000standard","Ohio",2006,"raw",4.7,18.4,11.2
"18-1Suicide(ageadjustedper100,000standard","Ohio",2006,"error",0.3,0.6,0.3
"18-1Suicide(ageadjustedper100,000standard","Oklahoma",1999,"raw",5.9,23.8,14.4
"18-1Suicide(ageadjustedper100,000standard","Oklahoma",1999,"error",0.6,1.2,0.7
"18-1Suicide(ageadjustedper100,000standard","Oklahoma",2000,"raw",5.9,24,14.6
"18-1Suicide(ageadjustedper100,000standard","Oklahoma",2000,"error",0.6,1.2,0.7
"18-1Suicide(ageadjustedper100,000standard","Oklahoma",2001,"raw",5.1,25.4,14.9
"18-1Suicide(ageadjustedper100,000standard","Oklahoma",2001,"error",0.5,1.2,0.7
"18-1Suicide(ageadjustedper100,000standard","Oklahoma",2002,"raw",5.9,23.5,14.3
"18-1Suicide(ageadjustedper100,000standard","Oklahoma",2002,"error",0.6,1.2,0.6
"18-1Suicide(ageadjustedper100,000standard","Oklahoma",2003,"raw",4.3,23.4,13.6
"18-1Suicide(ageadjustedper100,000standard","Oklahoma",2003,"error",0.5,1.2,0.6
"18-1Suicide(ageadjustedper100,000standard","Oklahoma",2004,"raw",6.3,23.1,14.3
"18-1Suicide(ageadjustedper100,000standard","Oklahoma",2004,"error",0.6,1.2,0.6
"18-1Suicide(ageadjustedper100,000standard","Oklahoma",2005,"raw",6.4,23.3,14.7
"18-1Suicide(ageadjustedper100,000standard","Oklahoma",2005,"error",0.6,1.2,0.6
"18-1Suicide(ageadjustedper100,000standard","Oklahoma",2006,"raw",6.1,24.6,15
"18-1Suicide(ageadjustedper100,000standard","Oklahoma",2006,"error",0.6,1.2,0.7
"18-1Suicide(ageadjustedper100,000standard","Oregon",1999,"raw",4.6,24.1,13.9
"18-1Suicide(ageadjustedper100,000standard","Oregon",1999,"error",0.5,1.2,0.6
"18-1Suicide(ageadjustedper100,000standard","Oregon",2000,"raw",6.4,23,14.1
"18-1Suicide(ageadjustedper100,000standard","Oregon",2000,"error",0.6,1.2,0.6
"18-1Suicide(ageadjustedper100,000standard","Oregon",2001,"raw",5.8,23.5,14.4
"18-1Suicide(ageadjustedper100,000standard","Oregon",2001,"error",0.6,1.2,0.6
"18-1Suicide(ageadjustedper100,000standard","Oregon",2002,"raw",4.6,25.1,14.4
"18-1Suicide(ageadjustedper100,000standard","Oregon",2002,"error",0.5,1.2,0.6
"18-1Suicide(ageadjustedper100,000standard","Oregon",2003,"raw",6,27.2,16.2
"18-1Suicide(ageadjustedper100,000standard","Oregon",2003,"error",0.6,1.2,0.7
"18-1Suicide(ageadjustedper100,000standard","Oregon",2004,"raw",7.5,23.3,15
"18-1Suicide(ageadjustedper100,000standard","Oregon",2004,"error",0.6,1.2,0.6
"18-1Suicide(ageadjustedper100,000standard","Oregon",2005,"raw",6,24.3,14.8
"18-1Suicide(ageadjustedper100,000standard","Oregon",2005,"error",0.6,1.2,0.6
"18-1Suicide(ageadjustedper100,000standard","Oregon",2006,"raw",7.1,23.8,15.2
"18-1Suicide(ageadjustedper100,000standard","Oregon",2006,"error",0.6,1.1,0.6
"18-1Suicide(ageadjustedper100,000standard","Pennsylvania",1999,"raw",3.6,17.9,10.3
"18-1Suicide(ageadjustedper100,000standard","Pennsylvania",1999,"error",0.2,0.6,0.3
"18-1Suicide(ageadjustedper100,000standard","Pennsylvania",2000,"raw",3.7,18.7,10.8
"18-1Suicide(ageadjustedper100,000standard","Pennsylvania",2000,"error",0.2,0.6,0.3
"18-1Suicide(ageadjustedper100,000standard","Pennsylvania",2001,"raw",3.5,17.4,10.1
"18-1Suicide(ageadjustedper100,000standard","Pennsylvania",2001,"error",0.2,0.5,0.3
"18-1Suicide(ageadjustedper100,000standard","Pennsylvania",2002,"raw",3.6,18.3,10.7
"18-1Suicide(ageadjustedper100,000standard","Pennsylvania",2002,"error",0.2,0.6,0.3
"18-1Suicide(ageadjustedper100,000standard","Pennsylvania",2003,"raw",3.8,17.9,10.5
"18-1Suicide(ageadjustedper100,000standard","Pennsylvania",2003,"error",0.2,0.5,0.3
"18-1Suicide(ageadjustedper100,000standard","Pennsylvania",2004,"raw",4.3,18.4,11.1
"18-1Suicide(ageadjustedper100,000standard","Pennsylvania",2004,"error",0.3,0.6,0.3
"18-1Suicide(ageadjustedper100,000standard","Pennsylvania",2005,"raw",4.2,18.7,11.1
"18-1Suicide(ageadjustedper100,000standard","Pennsylvania",2005,"error",0.3,0.6,0.3
"18-1Suicide(ageadjustedper100,000standard","Pennsylvania",2006,"raw",3.8,18.5,10.8
"18-1Suicide(ageadjustedper100,000standard","Pennsylvania",2006,"error",0.2,0.6,0.3
"18-1Suicide(ageadjustedper100,000standard","RhodeIsland",1999,"raw",3.9,15,9.1
"18-1Suicide(ageadjustedper100,000standard","RhodeIsland",1999,"error",0.8,1.7,0.9
"18-1Suicide(ageadjustedper100,000standard","RhodeIsland",2000,"raw",2.4,11.9,7.1
"18-1Suicide(ageadjustedper100,000standard","RhodeIsland",2000,"error",0.7,1.5,0.8
"18-1Suicide(ageadjustedper100,000standard","RhodeIsland",2001,"raw",4.1,12.6,8
"18-1Suicide(ageadjustedper100,000standard","RhodeIsland",2001,"error",0.9,1.6,0.9
"18-1Suicide(ageadjustedper100,000standard","RhodeIsland",2002,"raw",3.3,12.6,7.9
"18-1Suicide(ageadjustedper100,000standard","RhodeIsland",2002,"error",0.8,1.5,0.8
"18-1Suicide(ageadjustedper100,000standard","RhodeIsland",2003,"raw",2.6,13,7.6
"18-1Suicide(ageadjustedper100,000standard","RhodeIsland",2003,"error",0.7,1.6,0.8
"18-1Suicide(ageadjustedper100,000standard","RhodeIsland",2004,"raw",2.5,13,7.5
"18-1Suicide(ageadjustedper100,000standard","RhodeIsland",2004,"error",0.7,1.6,0.8
"18-1Suicide(ageadjustedper100,000standard","RhodeIsland",2005,"raw",3.6,9.4,6.3
"18-1Suicide(ageadjustedper100,000standard","RhodeIsland",2005,"error",0.8,1.3,0.8
"18-1Suicide(ageadjustedper100,000standard","RhodeIsland",2006,"raw",2.7,14.2,8.1
"18-1Suicide(ageadjustedper100,000standard","RhodeIsland",2006,"error",0.7,1.6,0.9
"18-1Suicide(ageadjustedper100,000standard","SouthCarolina",1999,"raw",3.9,18,10.5
"18-1Suicide(ageadjustedper100,000standard","SouthCarolina",1999,"error",0.4,1,0.5
"18-1Suicide(ageadjustedper100,000standard","SouthCarolina",2000,"raw",4.9,18.5,11.1
"18-1Suicide(ageadjustedper100,000standard","SouthCarolina",2000,"error",0.5,1,0.5
"18-1Suicide(ageadjustedper100,000standard","SouthCarolina",2001,"raw",5.1,18.2,11.3
"18-1Suicide(ageadjustedper100,000standard","SouthCarolina",2001,"error",0.5,1,0.5
"18-1Suicide(ageadjustedper100,000standard","SouthCarolina",2002,"raw",3.5,18.8,10.6
"18-1Suicide(ageadjustedper100,000standard","SouthCarolina",2002,"error",0.4,1,0.5
"18-1Suicide(ageadjustedper100,000standard","SouthCarolina",2003,"raw",4.5,19.4,11.5
"18-1Suicide(ageadjustedper100,000standard","SouthCarolina",2003,"error",0.5,1,0.5
"18-1Suicide(ageadjustedper100,000standard","SouthCarolina",2004,"raw",4.1,19.4,11.3
"18-1Suicide(ageadjustedper100,000standard","SouthCarolina",2004,"error",0.4,1,0.5
"18-1Suicide(ageadjustedper100,000standard","SouthCarolina",2005,"raw",4.7,19.6,11.8
"18-1Suicide(ageadjustedper100,000standard","SouthCarolina",2005,"error",0.5,1,0.5
"18-1Suicide(ageadjustedper100,000standard","SouthCarolina",2006,"raw",5.2,19.3,11.9
"18-1Suicide(ageadjustedper100,000standard","SouthCarolina",2006,"error",0.5,1,0.5
"18-1Suicide(ageadjustedper100,000standard","SouthDakota",1999,"raw",2.8,25,13.7
"18-1Suicide(ageadjustedper100,000standard","SouthDakota",1999,"error",0.9,2.6,1.4
"18-1Suicide(ageadjustedper100,000standard","SouthDakota",2000,"raw",3.3,22.6,12.7
"18-1Suicide(ageadjustedper100,000standard","SouthDakota",2000,"error",1,2.5,1.3
"18-1Suicide(ageadjustedper100,000standard","SouthDakota",2001,"raw",4.5,23.4,13.9
"18-1Suicide(ageadjustedper100,000standard","SouthDakota",2001,"error",1.1,2.5,1.4
"18-1Suicide(ageadjustedper100,000standard","SouthDakota",2002,"raw",4.8,20.3,12.2
"18-1Suicide(ageadjustedper100,000standard","SouthDakota",2002,"error",1.1,2.3,1.3
"18-1Suicide(ageadjustedper100,000standard","SouthDakota",2003,"raw",5.1,22.2,13.5
"18-1Suicide(ageadjustedper100,000standard","SouthDakota",2003,"error",1.2,2.5,1.3
"18-1Suicide(ageadjustedper100,000standard","SouthDakota",2004,"raw",4.8,24.7,14.7
"18-1Suicide(ageadjustedper100,000standard","SouthDakota",2004,"error",1.1,2.6,1.4
"18-1Suicide(ageadjustedper100,000standard","SouthDakota",2005,"raw",4.2,26.7,15.3
"18-1Suicide(ageadjustedper100,000standard","SouthDakota",2005,"error",1,2.6,1.4
"18-1Suicide(ageadjustedper100,000standard","SouthDakota",2006,"raw",5.5,26.5,16
"18-1Suicide(ageadjustedper100,000standard","SouthDakota",2006,"error",1.2,2.6,1.5
"18-1Suicide(ageadjustedper100,000standard","Tennessee",1999,"raw",4.7,21.7,12.7
"18-1Suicide(ageadjustedper100,000standard","Tennessee",1999,"error",0.4,0.9,0.5
"18-1Suicide(ageadjustedper100,000standard","Tennessee",2000,"raw",4.9,21.7,12.7
"18-1Suicide(ageadjustedper100,000standard","Tennessee",2000,"error",0.4,0.9,0.5
"18-1Suicide(ageadjustedper100,000standard","Tennessee",2001,"raw",4.4,21.2,12.2
"18-1Suicide(ageadjustedper100,000standard","Tennessee",2001,"error",0.4,0.9,0.5
"18-1Suicide(ageadjustedper100,000standard","Tennessee",2002,"raw",5.5,22.1,13.2
"18-1Suicide(ageadjustedper100,000standard","Tennessee",2002,"error",0.4,0.9,0.5
"18-1Suicide(ageadjustedper100,000standard","Tennessee",2003,"raw",5.4,21.1,12.8
"18-1Suicide(ageadjustedper100,000standard","Tennessee",2003,"error",0.4,0.9,0.5
"18-1Suicide(ageadjustedper100,000standard","Tennessee",2004,"raw",5.3,21.9,13.1
"18-1Suicide(ageadjustedper100,000standard","Tennessee",2004,"error",0.4,0.9,0.5
"18-1Suicide(ageadjustedper100,000standard","Tennessee",2005,"raw",5,23.9,14
"18-1Suicide(ageadjustedper100,000standard","Tennessee",2005,"error",0.4,0.9,0.5
"18-1Suicide(ageadjustedper100,000standard","Tennessee",2006,"raw",6.1,23.2,14.2
"18-1Suicide(ageadjustedper100,000standard","Tennessee",2006,"error",0.4,0.9,0.5
"18-1Suicide(ageadjustedper100,000standard","Texas",1999,"raw",4.1,17.1,10.2
"18-1Suicide(ageadjustedper100,000standard","Texas",1999,"error",0.2,0.4,0.2
"18-1Suicide(ageadjustedper100,000standard","Texas",2000,"raw",4,17.1,10.2
"18-1Suicide(ageadjustedper100,000standard","Texas",2000,"error",0.2,0.4,0.2
"18-1Suicide(ageadjustedper100,000standard","Texas",2001,"raw",4.2,18.2,10.9
"18-1Suicide(ageadjustedper100,000standard","Texas",2001,"error",0.2,0.4,0.2
"18-1Suicide(ageadjustedper100,000standard","Texas",2002,"raw",4.7,18,11
"18-1Suicide(ageadjustedper100,000standard","Texas",2002,"error",0.2,0.4,0.2
"18-1Suicide(ageadjustedper100,000standard","Texas",2003,"raw",4.7,18.2,11.2
"18-1Suicide(ageadjustedper100,000standard","Texas",2003,"error",0.2,0.4,0.2
"18-1Suicide(ageadjustedper100,000standard","Texas",2004,"raw",4.5,17.5,10.7
"18-1Suicide(ageadjustedper100,000standard","Texas",2004,"error",0.2,0.4,0.2
"18-1Suicide(ageadjustedper100,000standard","Texas",2005,"raw",4.4,18.1,10.9
"18-1Suicide(ageadjustedper100,000standard","Texas",2005,"error",0.2,0.4,0.2
"18-1Suicide(ageadjustedper100,000standard","Texas",2006,"raw",4.3,16.8,10.3
"18-1Suicide(ageadjustedper100,000standard","Texas",2006,"error",0.2,0.4,0.2
"18-1Suicide(ageadjustedper100,000standard","Utah",1999,"raw",4.4,24.1,14
"18-1Suicide(ageadjustedper100,000standard","Utah",1999,"error",0.7,1.6,0.9
"18-1Suicide(ageadjustedper100,000standard","Utah",2000,"raw",7.3,22.8,14.7
"18-1Suicide(ageadjustedper100,000standard","Utah",2000,"error",0.9,1.6,0.9
"18-1Suicide(ageadjustedper100,000standard","Utah",2001,"raw",5.6,25.7,15.4
"18-1Suicide(ageadjustedper100,000standard","Utah",2001,"error",0.8,1.6,0.9
"18-1Suicide(ageadjustedper100,000standard","Utah",2002,"raw",7.7,24.8,16.1
"18-1Suicide(ageadjustedper100,000standard","Utah",2002,"error",0.9,1.6,0.9
"18-1Suicide(ageadjustedper100,000standard","Utah",2003,"raw",5.2,26.4,15.6
"18-1Suicide(ageadjustedper100,000standard","Utah",2003,"error",0.7,1.6,0.9
"18-1Suicide(ageadjustedper100,000standard","Utah",2004,"raw",6.1,28.9,17.3
"18-1Suicide(ageadjustedper100,000standard","Utah",2004,"error",0.8,1.7,0.9
"18-1Suicide(ageadjustedper100,000standard","Utah",2005,"raw",5.5,25.3,15.1
"18-1Suicide(ageadjustedper100,000standard","Utah",2005,"error",0.7,1.6,0.8
"18-1Suicide(ageadjustedper100,000standard","Utah",2006,"raw",7.1,24.7,15.8
"18-1Suicide(ageadjustedper100,000standard","Utah",2006,"error",0.8,1.5,0.8
"18-1Suicide(ageadjustedper100,000standard","Vermont",1999,"raw",4.2,17.3,10.2
"18-1Suicide(ageadjustedper100,000standard","Vermont",1999,"error",1.1,2.5,1.3
"18-1Suicide(ageadjustedper100,000standard","Vermont",2000,"raw",2.9,23.1,12.3
"18-1Suicide(ageadjustedper100,000standard","Vermont",2000,"error",1,2.8,1.4
"18-1Suicide(ageadjustedper100,000standard","Vermont",2001,"raw",3.9,19.8,11.3
"18-1Suicide(ageadjustedper100,000standard","Vermont",2001,"error",1.1,2.6,1.3
"18-1Suicide(ageadjustedper100,000standard","Vermont",2002,"raw",4.3,25.2,14.1
"18-1Suicide(ageadjustedper100,000standard","Vermont",2002,"error",1.1,2.9,1.5
"18-1Suicide(ageadjustedper100,000standard","Vermont",2003,"raw",4.1,22.2,12.9
"18-1Suicide(ageadjustedper100,000standard","Vermont",2003,"error",1.1,2.7,1.4
"18-1Suicide(ageadjustedper100,000standard","Vermont",2004,"raw",4.9,24.7,14.3
"18-1Suicide(ageadjustedper100,000standard","Vermont",2004,"error",1.2,2.9,1.5
"18-1Suicide(ageadjustedper100,000standard","Vermont",2005,"raw",5.2,19.8,12.2
"18-1Suicide(ageadjustedper100,000standard","Vermont",2005,"error",1.2,2.6,1.4
"18-1Suicide(ageadjustedper100,000standard","Vermont",2006,"raw",5.7,19.4,12
"18-1Suicide(ageadjustedper100,000standard","Vermont",2006,"error",1.3,2.5,1.4
"18-1Suicide(ageadjustedper100,000standard","Virginia",1999,"raw",4.5,19,11.2
"18-1Suicide(ageadjustedper100,000standard","Virginia",1999,"error",0.4,0.8,0.4
"18-1Suicide(ageadjustedper100,000standard","Virginia",2000,"raw",4.5,18.2,10.8
"18-1Suicide(ageadjustedper100,000standard","Virginia",2000,"error",0.3,0.8,0.4
"18-1Suicide(ageadjustedper100,000standard","Virginia",2001,"raw",4.7,18.4,11
"18-1Suicide(ageadjustedper100,000standard","Virginia",2001,"error",0.4,0.8,0.4
"18-1Suicide(ageadjustedper100,000standard","Virginia",2002,"raw",4.6,18.4,10.9
"18-1Suicide(ageadjustedper100,000standard","Virginia",2002,"error",0.3,0.8,0.4
"18-1Suicide(ageadjustedper100,000standard","Virginia",2003,"raw",4.6,17.9,10.9
"18-1Suicide(ageadjustedper100,000standard","Virginia",2003,"error",0.3,0.7,0.4
"18-1Suicide(ageadjustedper100,000standard","Virginia",2004,"raw",4.4,18.5,11
"18-1Suicide(ageadjustedper100,000standard","Virginia",2004,"error",0.3,0.7,0.4
"18-1Suicide(ageadjustedper100,000standard","Virginia",2005,"raw",4.6,18.6,11.2
"18-1Suicide(ageadjustedper100,000standard","Virginia",2005,"error",0.3,0.7,0.4
"18-1Suicide(ageadjustedper100,000standard","Virginia",2006,"raw",5.1,18,11.1
"18-1Suicide(ageadjustedper100,000standard","Virginia",2006,"error",0.4,0.7,0.4
"18-1Suicide(ageadjustedper100,000standard","Washington",1999,"raw",5.8,23.1,14
"18-1Suicide(ageadjustedper100,000standard","Washington",1999,"error",0.4,0.9,0.5
"18-1Suicide(ageadjustedper100,000standard","Washington",2000,"raw",4.7,20.9,12.3
"18-1Suicide(ageadjustedper100,000standard","Washington",2000,"error",0.4,0.9,0.5
"18-1Suicide(ageadjustedper100,000standard","Washington",2001,"raw",4.6,19.7,11.8
"18-1Suicide(ageadjustedper100,000standard","Washington",2001,"error",0.4,0.8,0.4
"18-1Suicide(ageadjustedper100,000standard","Washington",2002,"raw",5.4,21.8,13.3
"18-1Suicide(ageadjustedper100,000standard","Washington",2002,"error",0.4,0.9,0.5
"18-1Suicide(ageadjustedper100,000standard","Washington",2003,"raw",5.1,21.3,12.9
"18-1Suicide(ageadjustedper100,000standard","Washington",2003,"error",0.4,0.9,0.5
"18-1Suicide(ageadjustedper100,000standard","Washington",2004,"raw",6,21.1,13.2
"18-1Suicide(ageadjustedper100,000standard","Washington",2004,"error",0.4,0.8,0.5
"18-1Suicide(ageadjustedper100,000standard","Washington",2005,"raw",4.9,20.7,12.7
"18-1Suicide(ageadjustedper100,000standard","Washington",2005,"error",0.4,0.8,0.4
"18-1Suicide(ageadjustedper100,000standard","Washington",2006,"raw",5.2,19.7,12.3
"18-1Suicide(ageadjustedper100,000standard","Washington",2006,"error",0.4,0.8,0.4
"18-1Suicide(ageadjustedper100,000standard","WestVirginia",1999,"raw",3.5,21.8,12.1
"18-1Suicide(ageadjustedper100,000standard","WestVirginia",1999,"error",0.6,1.6,0.8
"18-1Suicide(ageadjustedper100,000standard","WestVirginia",2000,"raw",5.3,21.7,13.2
"18-1Suicide(ageadjustedper100,000standard","WestVirginia",2000,"error",0.8,1.6,0.8
"18-1Suicide(ageadjustedper100,000standard","WestVirginia",2001,"raw",4.9,26.7,15
"18-1Suicide(ageadjustedper100,000standard","WestVirginia",2001,"error",0.7,1.7,0.9
"18-1Suicide(ageadjustedper100,000standard","WestVirginia",2002,"raw",4.5,26.4,14.8
"18-1Suicide(ageadjustedper100,000standard","WestVirginia",2002,"error",0.7,1.7,0.9
"18-1Suicide(ageadjustedper100,000standard","WestVirginia",2003,"raw",4.1,24.9,14.1
"18-1Suicide(ageadjustedper100,000standard","WestVirginia",2003,"error",0.7,1.7,0.9
"18-1Suicide(ageadjustedper100,000standard","WestVirginia",2004,"raw",5.4,26.2,15.3
"18-1Suicide(ageadjustedper100,000standard","WestVirginia",2004,"error",0.8,1.7,0.9
"18-1Suicide(ageadjustedper100,000standard","WestVirginia",2005,"raw",4.5,22.9,13.2
"18-1Suicide(ageadjustedper100,000standard","WestVirginia",2005,"error",0.7,1.6,0.8
"18-1Suicide(ageadjustedper100,000standard","WestVirginia",2006,"raw",5.7,23,14.1
"18-1Suicide(ageadjustedper100,000standard","WestVirginia",2006,"error",0.8,1.6,0.9
"18-1Suicide(ageadjustedper100,000standard","Wisconsin",1999,"raw",4.6,18.1,11
"18-1Suicide(ageadjustedper100,000standard","Wisconsin",1999,"error",0.4,0.8,0.5
"18-1Suicide(ageadjustedper100,000standard","Wisconsin",2000,"raw",4.4,17.9,10.9
"18-1Suicide(ageadjustedper100,000standard","Wisconsin",2000,"error",0.4,0.8,0.5
"18-1Suicide(ageadjustedper100,000standard","Wisconsin",2001,"raw",4.2,19.7,11.7
"18-1Suicide(ageadjustedper100,000standard","Wisconsin",2001,"error",0.4,0.9,0.5
"18-1Suicide(ageadjustedper100,000standard","Wisconsin",2002,"raw",4.1,19,11.3
"18-1Suicide(ageadjustedper100,000standard","Wisconsin",2002,"error",0.4,0.8,0.5
"18-1Suicide(ageadjustedper100,000standard","Wisconsin",2003,"raw",3.9,19.7,11.6
"18-1Suicide(ageadjustedper100,000standard","Wisconsin",2003,"error",0.4,0.9,0.5
"18-1Suicide(ageadjustedper100,000standard","Wisconsin",2004,"raw",5.6,18.3,11.8
"18-1Suicide(ageadjustedper100,000standard","Wisconsin",2004,"error",0.4,0.8,0.5
"18-1Suicide(ageadjustedper100,000standard","Wisconsin",2005,"raw",4.3,18.9,11.5
"18-1Suicide(ageadjustedper100,000standard","Wisconsin",2005,"error",0.4,0.8,0.5
"18-1Suicide(ageadjustedper100,000standard","Wisconsin",2006,"raw",5.1,18.9,11.9
"18-1Suicide(ageadjustedper100,000standard","Wisconsin",2006,"error",0.4,0.8,0.5
"18-1Suicide(ageadjustedper100,000standard","Wyoming",1999,"raw",9.4,34,20.3
"18-1Suicide(ageadjustedper100,000standard","Wyoming",1999,"error",2,4.1,2.1
"18-1Suicide(ageadjustedper100,000standard","Wyoming",2000,"raw",6,27.5,16.8
"18-1Suicide(ageadjustedper100,000standard","Wyoming",2000,"error",1.6,3.4,1.8
"18-1Suicide(ageadjustedper100,000standard","Wyoming",2001,"raw",4.4,28.4,16.4
"18-1Suicide(ageadjustedper100,000standard","Wyoming",2001,"error",1.3,3.4,1.8
"18-1Suicide(ageadjustedper100,000standard","Wyoming",2002,"raw",6.9,35.5,20.7
"18-1Suicide(ageadjustedper100,000standard","Wyoming",2002,"error",1.7,3.9,2
"18-1Suicide(ageadjustedper100,000standard","Wyoming",2003,"raw",6.2,38.3,21.8
"18-1Suicide(ageadjustedper100,000standard","Wyoming",2003,"error",1.6,4,2.1
"18-1Suicide(ageadjustedper100,000standard","Wyoming",2004,"raw",8.2,27,17.4
"18-1Suicide(ageadjustedper100,000standard","Wyoming",2004,"error",1.8,3.3,1.9
"18-1Suicide(ageadjustedper100,000standard","Wyoming",2005,"raw",8.4,26.8,17.2
"18-1Suicide(ageadjustedper100,000standard","Wyoming",2005,"error",1.8,3.3,1.8
"18-1Suicide(ageadjustedper100,000standard","Wyoming",2006,"raw",8.2,35.4,21.7
"18-1Suicide(ageadjustedper100,000standard","Wyoming",2006,"error",1.7,3.7,2
"18-2Suicideattemptsrequiringmedicalattention","Alabama",1999,"raw",3.5,3,3.3
"18-2Suicideattemptsrequiringmedicalattention","Alabama",1999,"error",0.7,0.5,0.4
"18-2Suicideattemptsrequiringmedicalattention","Alabama",2001,"raw",2.3,2.2,2.2
"18-2Suicideattemptsrequiringmedicalattention","Alabama",2001,"error",0.4,0.4,0.3
"18-2Suicideattemptsrequiringmedicalattention","Alabama",2003,"raw",3.9,1.4,2.6
"18-2Suicideattemptsrequiringmedicalattention","Alabama",2003,"error",0.9,0.5,0.5
"18-2Suicideattemptsrequiringmedicalattention","Alabama",2005,"raw",2.9,5.6,4.2
"18-2Suicideattemptsrequiringmedicalattention","Alabama",2005,"error",0.8,1.9,1.1
"18-2Suicideattemptsrequiringmedicalattention","Alaska",1999,"raw",2.5,2.3,2.7
"18-2Suicideattemptsrequiringmedicalattention","Alaska",1999,"error",0.6,0.6,0.5
"18-2Suicideattemptsrequiringmedicalattention","Alaska",2003,"raw",1.5,2.6,2.1
"18-2Suicideattemptsrequiringmedicalattention","Alaska",2003,"error",0.5,0.7,0.4
"18-2Suicideattemptsrequiringmedicalattention","Alaska",2007,"raw",3.3,3,3.2
"18-2Suicideattemptsrequiringmedicalattention","Alaska",2007,"error",0.9,0.6,0.5
"18-2Suicideattemptsrequiringmedicalattention","Arizona",2003,"raw",3.6,1.2,2.5
"18-2Suicideattemptsrequiringmedicalattention","Arizona",2003,"error",0.7,0.5,0.3
"18-2Suicideattemptsrequiringmedicalattention","Arizona",2005,"raw",3.3,2.9,3.1
"18-2Suicideattemptsrequiringmedicalattention","Arizona",2005,"error",0.5,0.7,0.4
"18-2Suicideattemptsrequiringmedicalattention","Arizona",2007,"raw",3.4,2.9,3.2
"18-2Suicideattemptsrequiringmedicalattention","Arizona",2007,"error",0.8,0.4,0.4
"18-2Suicideattemptsrequiringmedicalattention","Arkansas",1999,"raw",3.1,2.6,2.8
"18-2Suicideattemptsrequiringmedicalattention","Arkansas",1999,"error",1,0.8,0.5
"18-2Suicideattemptsrequiringmedicalattention","Arkansas",2001,"raw",2.6,1.8,2.2
"18-2Suicideattemptsrequiringmedicalattention","Arkansas",2001,"error",0.6,0.5,0.3
"18-2Suicideattemptsrequiringmedicalattention","Arkansas",2005,"raw",4.7,3.7,4.4
"18-2Suicideattemptsrequiringmedicalattention","Arkansas",2005,"error",0.8,0.9,0.6
"18-2Suicideattemptsrequiringmedicalattention","Arkansas",2007,"raw",3.6,2.1,2.9
"18-2Suicideattemptsrequiringmedicalattention","Arkansas",2007,"error",1,0.8,0.7
"18-2Suicideattemptsrequiringmedicalattention","Colorado",2005,"raw",1.4,0.6,1
"18-2Suicideattemptsrequiringmedicalattention","Colorado",2005,"error",0.5,0.4,0.3
"18-2Suicideattemptsrequiringmedicalattention","Delaware",1999,"raw",3.2,1.5,2.4
"18-2Suicideattemptsrequiringmedicalattention","Delaware",1999,"error",0.7,0.4,0.4
"18-2Suicideattemptsrequiringmedicalattention","Delaware",2001,"raw",2.6,2.3,2.4
"18-2Suicideattemptsrequiringmedicalattention","Delaware",2001,"error",0.4,0.4,0.3
"18-2Suicideattemptsrequiringmedicalattention","Delaware",2003,"raw",3.5,2,2.7
"18-2Suicideattemptsrequiringmedicalattention","Delaware",2003,"error",0.5,0.4,0.3
"18-2Suicideattemptsrequiringmedicalattention","Delaware",2005,"raw",1.9,2.6,2.3
"18-2Suicideattemptsrequiringmedicalattention","Delaware",2005,"error",0.4,0.6,0.4
"18-2Suicideattemptsrequiringmedicalattention","Delaware",2007,"raw",2.7,1.6,2.1
"18-2Suicideattemptsrequiringmedicalattention","Delaware",2007,"error",0.5,0.4,0.3
"18-2Suicideattemptsrequiringmedicalattention","DistrictofColumbia",1999,"raw",1.8,1.8,1.8
"18-2Suicideattemptsrequiringmedicalattention","DistrictofColumbia",1999,"error",0.5,0.6,0.3
"18-2Suicideattemptsrequiringmedicalattention","DistrictofColumbia",2003,"raw",2.2,4.8,3.5
"18-2Suicideattemptsrequiringmedicalattention","DistrictofColumbia",2003,"error",0.6,1.2,0.7
"18-2Suicideattemptsrequiringmedicalattention","DistrictofColumbia",2005,"raw",3.9,2.4,3.3
"18-2Suicideattemptsrequiringmedicalattention","DistrictofColumbia",2005,"error",0.9,0.6,0.5
"18-2Suicideattemptsrequiringmedicalattention","DistrictofColumbia",2007,"raw",4,4.1,4
"18-2Suicideattemptsrequiringmedicalattention","DistrictofColumbia",2007,"error",0.8,1.1,0.6
"18-2Suicideattemptsrequiringmedicalattention","Florida",2001,"raw",3.2,2.7,3.1
"18-2Suicideattemptsrequiringmedicalattention","Florida",2001,"error",0.5,0.4,0.3
"18-2Suicideattemptsrequiringmedicalattention","Florida",2003,"raw",3.9,2.9,3.4
"18-2Suicideattemptsrequiringmedicalattention","Florida",2003,"error",0.4,0.4,0.3
"18-2Suicideattemptsrequiringmedicalattention","Florida",2005,"raw",2.9,2.4,2.7
"18-2Suicideattemptsrequiringmedicalattention","Florida",2005,"error",0.4,0.5,0.3
"18-2Suicideattemptsrequiringmedicalattention","Florida",2007,"raw",1.9,2.3,2.1
"18-2Suicideattemptsrequiringmedicalattention","Florida",2007,"error",0.3,0.5,0.3
"18-2Suicideattemptsrequiringmedicalattention","Georgia",2003,"raw",3,3,3
"18-2Suicideattemptsrequiringmedicalattention","Georgia",2003,"error",0.6,0.6,0.3
"18-2Suicideattemptsrequiringmedicalattention","Georgia",2005,"raw",2.5,2,2.2
"18-2Suicideattemptsrequiringmedicalattention","Georgia",2005,"error",0.4,0.6,0.3
"18-2Suicideattemptsrequiringmedicalattention","Georgia",2007,"raw",2.3,2.6,2.5
"18-2Suicideattemptsrequiringmedicalattention","Georgia",2007,"error",0.4,0.4,0.3
"18-2Suicideattemptsrequiringmedicalattention","Hawaii",1999,"raw",5.9,0.9,3.7
"18-2Suicideattemptsrequiringmedicalattention","Hawaii",1999,"error",1,0.5,0.6
"18-2Suicideattemptsrequiringmedicalattention","Hawaii",2005,"raw",3.7,3.7,3.7
"18-2Suicideattemptsrequiringmedicalattention","Hawaii",2005,"error",0.8,1.1,0.8
"18-2Suicideattemptsrequiringmedicalattention","Hawaii",2007,"raw",2.8,3.1,3
"18-2Suicideattemptsrequiringmedicalattention","Hawaii",2007,"error",0.8,1.4,0.9
"18-2Suicideattemptsrequiringmedicalattention","Idaho",2001,"raw",2.5,1.9,2.2
"18-2Suicideattemptsrequiringmedicalattention","Idaho",2001,"error",0.6,0.5,0.4
"18-2Suicideattemptsrequiringmedicalattention","Idaho",2003,"raw",3.3,1.9,2.7
"18-2Suicideattemptsrequiringmedicalattention","Idaho",2003,"error",0.6,0.5,0.4
"18-2Suicideattemptsrequiringmedicalattention","Idaho",2005,"raw",3.6,2.1,2.8
"18-2Suicideattemptsrequiringmedicalattention","Idaho",2005,"error",1,0.6,0.7
"18-2Suicideattemptsrequiringmedicalattention","Idaho",2007,"raw",3.8,2.4,3.2
"18-2Suicideattemptsrequiringmedicalattention","Idaho",2007,"error",0.8,0.7,0.5
"18-2Suicideattemptsrequiringmedicalattention","Illinois",2007,"raw",2.2,1.7,2
"18-2Suicideattemptsrequiringmedicalattention","Illinois",2007,"error",0.6,0.4,0.3
"18-2Suicideattemptsrequiringmedicalattention","Indiana",2003,"raw",2.2,1.1,1.6
"18-2Suicideattemptsrequiringmedicalattention","Indiana",2003,"error",0.6,0.4,0.4
"18-2Suicideattemptsrequiringmedicalattention","Indiana",2005,"raw",3.4,3.6,3.5
"18-2Suicideattemptsrequiringmedicalattention","Indiana",2005,"error",0.7,0.8,0.5
"18-2Suicideattemptsrequiringmedicalattention","Indiana",2007,"raw",3.6,2,2.9
"18-2Suicideattemptsrequiringmedicalattention","Indiana",2007,"error",0.5,0.7,0.5
"18-2Suicideattemptsrequiringmedicalattention","Iowa",2005,"raw",2.2,1.8,2
"18-2Suicideattemptsrequiringmedicalattention","Iowa",2005,"error",0.5,0.8,0.5
"18-2Suicideattemptsrequiringmedicalattention","Iowa",2007,"raw",2.1,1.3,1.7
"18-2Suicideattemptsrequiringmedicalattention","Iowa",2007,"error",0.6,0.5,0.4
"18-2Suicideattemptsrequiringmedicalattention","Kansas",2005,"raw",2.3,0.9,1.6
"18-2Suicideattemptsrequiringmedicalattention","Kansas",2005,"error",0.6,0.3,0.4
"18-2Suicideattemptsrequiringmedicalattention","Kansas",2007,"raw",2,2.2,2.1
"18-2Suicideattemptsrequiringmedicalattention","Kansas",2007,"error",0.5,0.6,0.4
"18-2Suicideattemptsrequiringmedicalattention","Kentucky",2003,"raw",3.6,3.4,3.7
"18-2Suicideattemptsrequiringmedicalattention","Kentucky",2003,"error",0.8,1,0.6
"18-2Suicideattemptsrequiringmedicalattention","Kentucky",2005,"raw",3.1,2.2,2.7
"18-2Suicideattemptsrequiringmedicalattention","Kentucky",2005,"error",0.5,0.4,0.3
"18-2Suicideattemptsrequiringmedicalattention","Kentucky",2007,"raw",3.2,1.4,2.4
"18-2Suicideattemptsrequiringmedicalattention","Kentucky",2007,"error",0.4,0.3,0.2
"18-2Suicideattemptsrequiringmedicalattention","Maine",2001,"raw",4.6,4.7,4.6
"18-2Suicideattemptsrequiringmedicalattention","Maine",2001,"error",0.9,1.2,0.8
"18-2Suicideattemptsrequiringmedicalattention","Maine",2003,"raw",3.7,2,2.9
"18-2Suicideattemptsrequiringmedicalattention","Maine",2003,"error",0.8,0.4,0.5
"18-2Suicideattemptsrequiringmedicalattention","Maine",2005,"raw",1.1,2.7,1.9
"18-2Suicideattemptsrequiringmedicalattention","Maine",2005,"error",0.5,0.7,0.5
"18-2Suicideattemptsrequiringmedicalattention","Maine",2007,"raw",2,0.9,1.5
"18-2Suicideattemptsrequiringmedicalattention","Maine",2007,"error",0.7,0.4,0.5
"18-2Suicideattemptsrequiringmedicalattention","Maryland",2005,"raw",3.3,2.2,2.7
"18-2Suicideattemptsrequiringmedicalattention","Maryland",2005,"error",0.7,0.4,0.5
"18-2Suicideattemptsrequiringmedicalattention","Maryland",2007,"raw",2.3,2.1,2.3
"18-2Suicideattemptsrequiringmedicalattention","Maryland",2007,"error",0.8,0.5,0.5
"18-2Suicideattemptsrequiringmedicalattention","Massachusetts",1999,"raw",4.5,3.7,4.1
"18-2Suicideattemptsrequiringmedicalattention","Massachusetts",1999,"error",0.5,0.5,0.3
"18-2Suicideattemptsrequiringmedicalattention","Massachusetts",2001,"raw",3.9,3,3.5
"18-2Suicideattemptsrequiringmedicalattention","Massachusetts",2001,"error",0.5,0.5,0.4
"18-2Suicideattemptsrequiringmedicalattention","Massachusetts",2003,"raw",2.7,2.8,2.8
"18-2Suicideattemptsrequiringmedicalattention","Massachusetts",2003,"error",0.4,0.5,0.4
"18-2Suicideattemptsrequiringmedicalattention","Massachusetts",2005,"raw",2.4,2.5,2.4
"18-2Suicideattemptsrequiringmedicalattention","Massachusetts",2005,"error",0.3,0.5,0.3
"18-2Suicideattemptsrequiringmedicalattention","Massachusetts",2007,"raw",3.1,2.3,2.8
"18-2Suicideattemptsrequiringmedicalattention","Massachusetts",2007,"error",0.5,0.4,0.3
"18-2Suicideattemptsrequiringmedicalattention","Michigan",1999,"raw",3.5,2.2,2.9
"18-2Suicideattemptsrequiringmedicalattention","Michigan",1999,"error",0.6,0.6,0.4
"18-2Suicideattemptsrequiringmedicalattention","Michigan",2001,"raw",3.3,3.5,3.5
"18-2Suicideattemptsrequiringmedicalattention","Michigan",2001,"error",0.4,0.5,0.4
"18-2Suicideattemptsrequiringmedicalattention","Michigan",2003,"raw",3.9,2.4,3.2
"18-2Suicideattemptsrequiringmedicalattention","Michigan",2003,"error",0.6,0.4,0.4
"18-2Suicideattemptsrequiringmedicalattention","Michigan",2005,"raw",3.5,3.1,3.3
"18-2Suicideattemptsrequiringmedicalattention","Michigan",2005,"error",0.8,0.6,0.6
"18-2Suicideattemptsrequiringmedicalattention","Michigan",2007,"raw",3.2,1.9,2.6
"18-2Suicideattemptsrequiringmedicalattention","Michigan",2007,"error",0.6,0.4,0.4
"18-2Suicideattemptsrequiringmedicalattention","Mississippi",1999,"raw",2.4,1.9,2.2
"18-2Suicideattemptsrequiringmedicalattention","Mississippi",1999,"error",0.5,0.8,0.5
"18-2Suicideattemptsrequiringmedicalattention","Mississippi",2001,"raw",2.2,1.4,1.8
"18-2Suicideattemptsrequiringmedicalattention","Mississippi",2001,"error",0.6,0.4,0.4
"18-2Suicideattemptsrequiringmedicalattention","Mississippi",2003,"raw",2.8,2.1,2.5
"18-2Suicideattemptsrequiringmedicalattention","Mississippi",2003,"error",0.9,0.6,0.6
"18-2Suicideattemptsrequiringmedicalattention","Mississippi",2007,"raw",2.7,2.2,2.6
"18-2Suicideattemptsrequiringmedicalattention","Mississippi",2007,"error",0.6,0.8,0.5
"18-2Suicideattemptsrequiringmedicalattention","Missouri",1999,"raw",3.1,1.5,2.2
"18-2Suicideattemptsrequiringmedicalattention","Missouri",1999,"error",0.6,0.5,0.4
"18-2Suicideattemptsrequiringmedicalattention","Missouri",2001,"raw",2.3,1.5,1.9
"18-2Suicideattemptsrequiringmedicalattention","Missouri",2001,"error",0.5,0.5,0.3
"18-2Suicideattemptsrequiringmedicalattention","Missouri",2003,"raw",2.7,1.4,2
"18-2Suicideattemptsrequiringmedicalattention","Missouri",2003,"error",0.9,0.4,0.6
"18-2Suicideattemptsrequiringmedicalattention","Missouri",2005,"raw",2.3,1.4,1.8
"18-2Suicideattemptsrequiringmedicalattention","Missouri",2005,"error",0.6,0.6,0.5
"18-2Suicideattemptsrequiringmedicalattention","Missouri",2007,"raw",2.9,1.2,2
"18-2Suicideattemptsrequiringmedicalattention","Missouri",2007,"error",1,0.5,0.4
"18-2Suicideattemptsrequiringmedicalattention","Montana",1999,"raw",2.4,2.7,2.5
"18-2Suicideattemptsrequiringmedicalattention","Montana",1999,"error",0.4,0.3,0.3
"18-2Suicideattemptsrequiringmedicalattention","Montana",2001,"raw",4.7,2.7,3.7
"18-2Suicideattemptsrequiringmedicalattention","Montana",2001,"error",0.6,0.6,0.4
"18-2Suicideattemptsrequiringmedicalattention","Montana",2003,"raw",3.8,2.3,3
"18-2Suicideattemptsrequiringmedicalattention","Montana",2003,"error",0.7,0.4,0.4
"18-2Suicideattemptsrequiringmedicalattention","Montana",2005,"raw",4.1,1.8,3.1
"18-2Suicideattemptsrequiringmedicalattention","Montana",2005,"error",0.7,0.4,0.5
"18-2Suicideattemptsrequiringmedicalattention","Montana",2007,"raw",3.1,2.4,2.7
"18-2Suicideattemptsrequiringmedicalattention","Montana",2007,"error",0.4,0.4,0.3
"18-2Suicideattemptsrequiringmedicalattention","Nebraska",2003,"raw",3.7,3.2,3.5
"18-2Suicideattemptsrequiringmedicalattention","Nebraska",2003,"error",0.6,0.7,0.5
"18-2Suicideattemptsrequiringmedicalattention","Nebraska",2005,"raw",3.1,3.2,3.2
"18-2Suicideattemptsrequiringmedicalattention","Nebraska",2005,"error",0.4,0.8,0.4
"18-2Suicideattemptsrequiringmedicalattention","Nevada",1999,"raw",3.1,1.6,2.4
"18-2Suicideattemptsrequiringmedicalattention","Nevada",1999,"error",0.7,0.6,0.4
"18-2Suicideattemptsrequiringmedicalattention","Nevada",2001,"raw",4.4,3.3,3.8
"18-2Suicideattemptsrequiringmedicalattention","Nevada",2001,"error",0.8,1,0.7
"18-2Suicideattemptsrequiringmedicalattention","Nevada",2003,"raw",3.7,2.2,2.9
"18-2Suicideattemptsrequiringmedicalattention","Nevada",2003,"error",0.8,0.6,0.5
"18-2Suicideattemptsrequiringmedicalattention","Nevada",2005,"raw",3.8,2.8,3.4
"18-2Suicideattemptsrequiringmedicalattention","Nevada",2005,"error",0.8,0.7,0.6
"18-2Suicideattemptsrequiringmedicalattention","Nevada",2007,"raw",4.3,2.2,3.3
"18-2Suicideattemptsrequiringmedicalattention","Nevada",2007,"error",0.9,0.8,0.6
"18-2Suicideattemptsrequiringmedicalattention","NewHampshire",2003,"raw",4,0.9,2.5
"18-2Suicideattemptsrequiringmedicalattention","NewHampshire",2003,"error",0.9,0.4,0.5
"18-2Suicideattemptsrequiringmedicalattention","NewHampshire",2005,"raw",2.5,0.5,1.6
"18-2Suicideattemptsrequiringmedicalattention","NewHampshire",2005,"error",0.7,0.3,0.4
"18-2Suicideattemptsrequiringmedicalattention","NewHampshire",2007,"raw",2.5,2,2.2
"18-2Suicideattemptsrequiringmedicalattention","NewHampshire",2007,"error",0.7,0.4,0.4
"18-2Suicideattemptsrequiringmedicalattention","NewJersey",2001,"raw",1.8,3.1,2.4
"18-2Suicideattemptsrequiringmedicalattention","NewJersey",2001,"error",0.4,0.5,0.4
"18-2Suicideattemptsrequiringmedicalattention","NewMexico",2005,"raw",5.8,4.4,5.1
"18-2Suicideattemptsrequiringmedicalattention","NewMexico",2005,"error",0.6,0.7,0.6
"18-2Suicideattemptsrequiringmedicalattention","NewMexico",2007,"raw",4.9,4.7,4.8
"18-2Suicideattemptsrequiringmedicalattention","NewMexico",2007,"error",0.8,0.7,0.5
"18-2Suicideattemptsrequiringmedicalattention","NewYork",1999,"raw",3.4,2.1,2.8
"18-2Suicideattemptsrequiringmedicalattention","NewYork",1999,"error",0.8,0.6,0.6
"18-2Suicideattemptsrequiringmedicalattention","NewYork",2003,"raw",2.7,1.5,2.1
"18-2Suicideattemptsrequiringmedicalattention","NewYork",2003,"error",0.4,0.3,0.2
"18-2Suicideattemptsrequiringmedicalattention","NewYork",2005,"raw",1.7,1.9,1.8
"18-2Suicideattemptsrequiringmedicalattention","NewYork",2005,"error",0.4,0.3,0.2
"18-2Suicideattemptsrequiringmedicalattention","NewYork",2007,"raw",2.7,2.5,2.7
"18-2Suicideattemptsrequiringmedicalattention","NewYork",2007,"error",0.4,0.5,0.4
"18-2Suicideattemptsrequiringmedicalattention","NorthDakota",1999,"raw",3.6,3,3.3
"18-2Suicideattemptsrequiringmedicalattention","NorthDakota",1999,"error",0.8,0.8,0.6
"18-2Suicideattemptsrequiringmedicalattention","NorthDakota",2001,"raw",2,2.3,2.3
"18-2Suicideattemptsrequiringmedicalattention","NorthDakota",2001,"error",0.6,0.7,0.5
"18-2Suicideattemptsrequiringmedicalattention","NorthDakota",2003,"raw",2.8,2.6,2.8
"18-2Suicideattemptsrequiringmedicalattention","NorthDakota",2003,"error",0.6,0.9,0.6
"18-2Suicideattemptsrequiringmedicalattention","NorthDakota",2005,"raw",2.2,1.1,1.7
"18-2Suicideattemptsrequiringmedicalattention","NorthDakota",2005,"error",0.5,0.4,0.3
"18-2Suicideattemptsrequiringmedicalattention","Ohio",1999,"raw",3.3,2.5,2.9
"18-2Suicideattemptsrequiringmedicalattention","Ohio",1999,"error",0.6,0.7,0.5
"18-2Suicideattemptsrequiringmedicalattention","Ohio",2003,"raw",5.7,4.2,5
"18-2Suicideattemptsrequiringmedicalattention","Ohio",2003,"error",1.1,1.1,0.6
"18-2Suicideattemptsrequiringmedicalattention","Ohio",2005,"raw",4.1,2,3.1
"18-2Suicideattemptsrequiringmedicalattention","Ohio",2005,"error",0.9,0.7,0.6
"18-2Suicideattemptsrequiringmedicalattention","Ohio",2007,"raw",3.1,1.5,2.3
"18-2Suicideattemptsrequiringmedicalattention","Ohio",2007,"error",0.7,0.4,0.4
"18-2Suicideattemptsrequiringmedicalattention","Oklahoma",2003,"raw",3.3,1.4,2.4
"18-2Suicideattemptsrequiringmedicalattention","Oklahoma",2003,"error",0.9,0.5,0.6
"18-2Suicideattemptsrequiringmedicalattention","Oklahoma",2005,"raw",2.3,1.4,1.8
"18-2Suicideattemptsrequiringmedicalattention","Oklahoma",2005,"error",0.7,0.5,0.5
"18-2Suicideattemptsrequiringmedicalattention","Oklahoma",2007,"raw",2.5,1.6,2.1
"18-2Suicideattemptsrequiringmedicalattention","Oklahoma",2007,"error",0.5,0.4,0.4
"18-2Suicideattemptsrequiringmedicalattention","RhodeIsland",2001,"raw",4.7,4,4.4
"18-2Suicideattemptsrequiringmedicalattention","RhodeIsland",2001,"error",0.5,0.7,0.5
"18-2Suicideattemptsrequiringmedicalattention","RhodeIsland",2003,"raw",2.5,3.1,2.9
"18-2Suicideattemptsrequiringmedicalattention","RhodeIsland",2003,"error",0.7,0.8,0.6
"18-2Suicideattemptsrequiringmedicalattention","RhodeIsland",2005,"raw",3.2,2.8,3.1
"18-2Suicideattemptsrequiringmedicalattention","RhodeIsland",2005,"error",0.5,0.7,0.5
"18-2Suicideattemptsrequiringmedicalattention","RhodeIsland",2007,"raw",3.9,4.1,4
"18-2Suicideattemptsrequiringmedicalattention","RhodeIsland",2007,"error",0.9,0.7,0.6
"18-2Suicideattemptsrequiringmedicalattention","SouthCarolina",1999,"raw",3.3,4.2,3.7
"18-2Suicideattemptsrequiringmedicalattention","SouthCarolina",1999,"error",0.3,0.5,0.3
"18-2Suicideattemptsrequiringmedicalattention","SouthCarolina",2005,"raw",3.1,4.1,3.6
"18-2Suicideattemptsrequiringmedicalattention","SouthCarolina",2005,"error",0.9,1.1,0.8
"18-2Suicideattemptsrequiringmedicalattention","SouthCarolina",2007,"raw",2.2,3.9,3.1
"18-2Suicideattemptsrequiringmedicalattention","SouthCarolina",2007,"error",0.5,1.3,0.7
"18-2Suicideattemptsrequiringmedicalattention","SouthDakota",1999,"raw",3.6,1.2,2.4
"18-2Suicideattemptsrequiringmedicalattention","SouthDakota",1999,"error",0.9,0.6,0.5
"18-2Suicideattemptsrequiringmedicalattention","SouthDakota",2003,"raw",3.1,2.4,2.7
"18-2Suicideattemptsrequiringmedicalattention","SouthDakota",2003,"error",0.8,0.7,0.5
"18-2Suicideattemptsrequiringmedicalattention","SouthDakota",2005,"raw",3.6,3,3.4
"18-2Suicideattemptsrequiringmedicalattention","SouthDakota",2005,"error",1,1.1,0.7
"18-2Suicideattemptsrequiringmedicalattention","SouthDakota",2007,"raw",4.4,3.2,3.8
"18-2Suicideattemptsrequiringmedicalattention","SouthDakota",2007,"error",0.7,0.7,0.5
"18-2Suicideattemptsrequiringmedicalattention","Tennessee",1999,"raw",2.7,2.4,2.5
"18-2Suicideattemptsrequiringmedicalattention","Tennessee",1999,"error",0.8,0.5,0.4
"18-2Suicideattemptsrequiringmedicalattention","Tennessee",2003,"raw",3.8,2.5,3.1
"18-2Suicideattemptsrequiringmedicalattention","Tennessee",2003,"error",0.8,0.9,0.6
"18-2Suicideattemptsrequiringmedicalattention","Tennessee",2005,"raw",3,1.9,2.4
"18-2Suicideattemptsrequiringmedicalattention","Tennessee",2005,"error",0.7,0.6,0.4
"18-2Suicideattemptsrequiringmedicalattention","Tennessee",2007,"raw",2.6,1.9,2.2
"18-2Suicideattemptsrequiringmedicalattention","Tennessee",2007,"error",0.7,0.5,0.5
"18-2Suicideattemptsrequiringmedicalattention","Texas",2001,"raw",3.1,1.6,2.3
"18-2Suicideattemptsrequiringmedicalattention","Texas",2001,"error",0.4,0.3,0.3
"18-2Suicideattemptsrequiringmedicalattention","Texas",2003,"raw",3.7,2.8,3.3
"18-2Suicideattemptsrequiringmedicalattention","Texas",2003,"error",0.6,0.7,0.4
"18-2Suicideattemptsrequiringmedicalattention","Texas",2005,"raw",3.2,1.6,2.5
"18-2Suicideattemptsrequiringmedicalattention","Texas",2005,"error",0.6,0.3,0.3
"18-2Suicideattemptsrequiringmedicalattention","Texas",2007,"raw",3.7,1.6,2.6
"18-2Suicideattemptsrequiringmedicalattention","Texas",2007,"error",0.6,0.6,0.4
"18-2Suicideattemptsrequiringmedicalattention","Utah",1999,"raw",3.5,2.7,3.3
"18-2Suicideattemptsrequiringmedicalattention","Utah",1999,"error",0.7,0.5,0.5
"18-2Suicideattemptsrequiringmedicalattention","Utah",2001,"raw",3.7,4.1,3.9
"18-2Suicideattemptsrequiringmedicalattention","Utah",2001,"error",1,1.5,0.8
"18-2Suicideattemptsrequiringmedicalattention","Utah",2003,"raw",1.5,2.5,2
"18-2Suicideattemptsrequiringmedicalattention","Utah",2003,"error",0.5,1.1,0.7
"18-2Suicideattemptsrequiringmedicalattention","Utah",2005,"raw",3.3,2.8,3.1
"18-2Suicideattemptsrequiringmedicalattention","Utah",2005,"error",1.2,1.2,0.8
"18-2Suicideattemptsrequiringmedicalattention","Utah",2007,"raw",3,4.8,4.4
"18-2Suicideattemptsrequiringmedicalattention","Utah",2007,"error",0.7,1.2,1
"18-2Suicideattemptsrequiringmedicalattention","Vermont",1999,"raw",2.4,2.3,2.4
"18-2Suicideattemptsrequiringmedicalattention","Vermont",1999,"error",0.2,0.4,0.2
"18-2Suicideattemptsrequiringmedicalattention","Vermont",2001,"raw",2.7,1.7,2.3
"18-2Suicideattemptsrequiringmedicalattention","Vermont",2001,"error",0.2,0.3,0.2
"18-2Suicideattemptsrequiringmedicalattention","Vermont",2003,"raw",2.8,1.7,2.3
"18-2Suicideattemptsrequiringmedicalattention","Vermont",2003,"error",0.3,0.1,0.2
"18-2Suicideattemptsrequiringmedicalattention","Vermont",2005,"raw",2.7,1.3,2.1
"18-2Suicideattemptsrequiringmedicalattention","Vermont",2005,"error",0.4,0.3,0.3
"18-2Suicideattemptsrequiringmedicalattention","Vermont",2007,"raw",1.9,1.1,1.5
"18-2Suicideattemptsrequiringmedicalattention","Vermont",2007,"error",0.3,0.3,0.2
"18-2Suicideattemptsrequiringmedicalattention","WestVirginia",1999,"raw",3.8,3.5,3.7
"18-2Suicideattemptsrequiringmedicalattention","WestVirginia",1999,"error",0.8,0.9,0.6
"18-2Suicideattemptsrequiringmedicalattention","WestVirginia",2003,"raw",2.6,2.5,2.5
"18-2Suicideattemptsrequiringmedicalattention","WestVirginia",2003,"error",0.6,0.6,0.5
"18-2Suicideattemptsrequiringmedicalattention","WestVirginia",2005,"raw",3.8,1.2,2.5
"18-2Suicideattemptsrequiringmedicalattention","WestVirginia",2005,"error",0.8,0.4,0.5
"18-2Suicideattemptsrequiringmedicalattention","WestVirginia",2007,"raw",3.8,3,3.4
"18-2Suicideattemptsrequiringmedicalattention","WestVirginia",2007,"error",0.7,1.2,0.7
"18-2Suicideattemptsrequiringmedicalattention","Wisconsin",1999,"raw",2.6,1.5,2.1
"18-2Suicideattemptsrequiringmedicalattention","Wisconsin",1999,"error",0.7,0.4,0.4
"18-2Suicideattemptsrequiringmedicalattention","Wisconsin",2001,"raw",3.2,1.8,2.5
"18-2Suicideattemptsrequiringmedicalattention","Wisconsin",2001,"error",0.6,0.5,0.4
"18-2Suicideattemptsrequiringmedicalattention","Wisconsin",2003,"raw",3.8,1.1,2.5
"18-2Suicideattemptsrequiringmedicalattention","Wisconsin",2003,"error",0.6,0.4,0.3
"18-2Suicideattemptsrequiringmedicalattention","Wisconsin",2005,"raw",3,1.9,2.4
"18-2Suicideattemptsrequiringmedicalattention","Wisconsin",2005,"error",0.7,0.4,0.4
"18-2Suicideattemptsrequiringmedicalattention","Wisconsin",2007,"raw",3.5,2.5,3
"18-2Suicideattemptsrequiringmedicalattention","Wisconsin",2007,"error",0.6,0.5,0.4
"18-2Suicideattemptsrequiringmedicalattention","Wyoming",1999,"raw",2.9,2.1,2.5
"18-2Suicideattemptsrequiringmedicalattention","Wyoming",1999,"error",0.6,0.7,0.5
"18-2Suicideattemptsrequiringmedicalattention","Wyoming",2001,"raw",3.4,1.6,2.4
"18-2Suicideattemptsrequiringmedicalattention","Wyoming",2001,"error",0.6,0.4,0.3
"18-2Suicideattemptsrequiringmedicalattention","Wyoming",2003,"raw",4.1,2.7,3.4
"18-2Suicideattemptsrequiringmedicalattention","Wyoming",2003,"error",0.9,0.6,0.6
"18-2Suicideattemptsrequiringmedicalattention","Wyoming",2005,"raw",2.9,2.5,2.7
"18-2Suicideattemptsrequiringmedicalattention","Wyoming",2005,"error",0.5,0.5,0.4
"18-2Suicideattemptsrequiringmedicalattention","Wyoming",2007,"raw",4.8,3.3,4.2
"18-2Suicideattemptsrequiringmedicalattention","Wyoming",2007,"error",0.8,0.6,0.5
